{
	"label": "Clases (SRD)",
	"entries": {
		"Barbarian": {
			"name": "Barbarian",
			"description": "<p>Como bárbaro, obtienes los siguientes rasgos de clase.</p>\n<h3>Puntos de golpe</h3>\n<p><strong>Dados de Golpe:</strong> 1d12 por nivel de bárbaro.<br><strong>Puntos de Golpe a nivel 1:</strong> 12 + tu modificador por Constitución.<br><strong>Puntos de Golpe a niveles superiores:</strong> 1d12 (o 7) + tu modificador por Constitución por cada nivel de bárbaro por encima del primero.</p>\n<h3>Competencias</h3>\n<p><strong>Armadura:</strong> armaduras ligeras y medias, escudos.<br><strong>Armas:</strong> armas sencillas y marciales.<br><strong>Herramientas:</strong> ninguna.<br><strong>Tiradas de salvación:</strong> Fuerza, Constitución.<br><strong>Habilidades:</strong> elige dos de entre Atletismo, Intimidación, Naturaleza, Percepción, Supervivencia y Trato con Animales.</p>\n<h3>Equipo</h3>\n<p>Además del que obtengas por tu trasfondo, empiezas con el siguiente equipo:</p>\n<ul>\n<li>(a) Un Hacha a Dos Manos o (b) cualquier arma cuerpo a cuerpo marcial.</li>\n<li>(a) Dos Hachas de Mano o (b) cualquier arma sencilla.</li>\n<li>Un paquete de explorador y cuatro Jabalinas.</li>\n</ul>\n<h1>El bárbaro</h1>\n<table border=\"0\" cellspacing=\"0\" cellpadding=\"0\">\n<thead>\n<tr>\n<td height=\"17\">Nivel</td>\n<td>Bon. por competencia</td>\n<td>Rasgos</td>\n<td>N° furias</td>\n<td>Daño por furia</td>\n</tr>\n</thead>\n<tbody>\n<tr>\n<td height=\"17\">1</td>\n<td>+2</td>\n<td>@Compendium[dnd5e.classfeatures.VoR0SUrNX5EJVPIO]{Furia}, @Compendium[dnd5e.classfeatures.SZbsNbaxFFGwBpNK]{Defensa sin Armadura}</td>\n<td>2</td>\n<td>+2</td>\n</tr>\n<tr>\n<td height=\"17\">2</td>\n<td>+2</td>\n<td>@Compendium[dnd5e.classfeatures.SCVjqRdlZ9cvHVSR]{Ataque Temerario}, @Compendium[dnd5e.classfeatures.vt31lWAULygEl7yk]{Sentir el Peligro}</td>\n<td>2</td>\n<td>+2</td>\n</tr>\n<tr>\n<td height=\"17\">3</td>\n<td>+2</td>\n<td>@Compendium[dnd5e.classfeatures.TH1QAf6YNGSeBVjT]{Senda Primordial}</td>\n<td>3</td>\n<td>+2</td>\n</tr>\n<tr>\n<td height=\"17\">4</td>\n<td>+2</td>\n<td>@Compendium[dnd5e.classfeatures.s0Cc2zcX0JzIgam5]{Mejora de Característica}</td>\n<td>3</td>\n<td>+2</td>\n</tr>\n<tr>\n<td height=\"17\">5</td>\n<td>+3</td>\n<td>@Compendium[dnd5e.classfeatures.XogoBnFWmCAHXppo]{Ataque Adicional}, @Compendium[dnd5e.classfeatures.Kl6zifJ5OmdHlOi2]{Movimiento\nRápido}</td>\n<td>3</td>\n<td>+2</td>\n</tr>\n<tr>\n<td height=\"17\">6</td>\n<td>+3</td>\n<td>Rasgo de Senda</td>\n<td>4</td>\n<td>+2</td>\n</tr>\n<tr>\n<td height=\"17\">7</td>\n<td>+3</td>\n<td>@Compendium[dnd5e.classfeatures.NlXslw4yAqmKZWtN]{Instinto Salvaje}</td>\n<td>4</td>\n<td>+2</td>\n</tr>\n<tr>\n<td height=\"17\">8</td>\n<td>+3</td>\n<td>@Compendium[dnd5e.classfeatures.s0Cc2zcX0JzIgam5]{Mejora de Característica}</td>\n<td>4</td>\n<td>+2</td>\n</tr>\n<tr>\n<td height=\"17\">9</td>\n<td>+4</td>\n<td>@Compendium[dnd5e.classfeatures.L94gyvNpUhUe0rwh]{Crítico Brutal (1 dado)}</td>\n<td>4</td>\n<td>+3</td>\n</tr>\n<tr>\n<td height=\"17\">10</td>\n<td>+4</td>\n<td>Rasgo de Senda</td>\n<td>4</td>\n<td>+3</td>\n</tr>\n<tr>\n<td height=\"17\">11</td>\n<td>+4</td>\n<td>@Compendium[dnd5e.classfeatures.FqfmbPgxiyrWzhYk]{Furia Implacable}</td>\n<td>4</td>\n<td>+3</td>\n</tr>\n<tr>\n<td height=\"17\">12</td>\n<td>+4</td>\n<td>@Compendium[dnd5e.classfeatures.s0Cc2zcX0JzIgam5]{Mejora de Característica}</td>\n<td>5</td>\n<td>+3</td>\n</tr>\n<tr>\n<td height=\"17\">13</td>\n<td>+5</td>\n<td>@Compendium[dnd5e.classfeatures.L94gyvNpUhUe0rwh]{Crítico Brutal (2 dado)}</td>\n<td>5</td>\n<td>+3</td>\n</tr>\n<tr>\n<td height=\"17\">14</td>\n<td>+5</td>\n<td>Rasgo de Senda</td>\n<td>5</td>\n<td>+3</td>\n</tr>\n<tr>\n<td height=\"17\">15</td>\n<td>+5</td>\n<td>@Compendium[dnd5e.classfeatures.l8tUhZ5Pecm9wz7I]{Furia Persistente}</td>\n<td>5</td>\n<td>+3</td>\n</tr>\n<tr>\n<td height=\"17\">16</td>\n<td>+5</td>\n<td>@Compendium[dnd5e.classfeatures.s0Cc2zcX0JzIgam5]{Mejora de Característica}</td>\n<td>5</td>\n<td>+4</td>\n</tr>\n<tr>\n<td height=\"17\">17</td>\n<td>+6</td>\n<td>@Compendium[dnd5e.classfeatures.L94gyvNpUhUe0rwh]{Crítico Brutal (3 dados)}</td>\n<td>6</td>\n<td>+4</td>\n</tr>\n<tr>\n<td height=\"17\">18</td>\n<td>+6</td>\n<td>@Compendium[dnd5e.classfeatures.Q1exex5ALteprrPo]{Poderío\nIndómito}</td>\n<td>6</td>\n<td>+4</td>\n</tr>\n<tr>\n<td height=\"17\">19</td>\n<td>+6</td>\n<td>@Compendium[dnd5e.classfeatures.s0Cc2zcX0JzIgam5]{Mejora de Característica}</td>\n<td>6</td>\n<td>+4</td>\n</tr>\n<tr>\n<td height=\"17\">20</td>\n<td>+6</td>\n<td>@Compendium[dnd5e.classfeatures.jVU4AgqfrFaqgXns]{Campeón Primordial}</td>\n<td>Ilimitadas</td>\n<td>+4</td>\n</tr>\n</tbody>\n</table>\n<h1>Senda Primordial</h1>\n<h2>Senda del Berserker</h2>\n<p>Para ciertos bárbaros la furia es el medio para alcanzar un fin: la violencia. La Senda del Berserker se asienta en una rabia sin cortapisas, cubierta de sangre. Al dejarte llevar por la furia del berserker experimentarás el entusiasmo que proporciona el caos del combate, sin reparar en tu propia seguridad o bienestar.</p>\n<h3>Rasgos de la Senda del Berserker</h3>\n<p>Nivel 3: @Compendium[dnd5e.classfeatures.CkbbAckeCtyHXEnL]{Frenesí}</p>\n<p>Nivel 6: @Compendium[dnd5e.classfeatures.0Jgf8fYY2ExwgQpN]{Furia Irracional}</p>\n<p>Nivel 10: @Compendium[dnd5e.classfeatures.M6VSMzVtKPhh8B0i]{Presencia Intimidante}</p>\n<p>Nivel 14: @Compendium[dnd5e.classfeatures.xzD9zlRP6dUxCtCl]{Represalia}</p>"
		},
		"Bard": {
			"name": "Bard",
			"description": "<p>Como bardo, obtienes los siguientes rasgos de clase.</p>\n<h3>Puntos de golpe</h3>\n<p><strong>Dados de Golpe:</strong> 1d8 por nivel de bardo.<br><strong>Puntos de Golpe a nivel 1:</strong> 8 + tu modificador por Constitución.<br><strong>Puntos de Golpe a niveles superiores:</strong> 1d8 (o 5) + tu modificador por Constitución por cada nivel de bardo por encima del primero.</p>\n<h3>Competencias</h3>\n<p><strong>Armadura:</strong> armaduras ligeras.<br><strong>Armas:</strong> armas sencillas, ballestas de mano, espadas cortas, espadas largas y estoques.<br><strong>Herramientas:</strong> tres instrumentos musicales a tu elección.<br><strong>Tiradas de salvación:</strong> Destreza, Carisma.<br><strong>Habilidades:</strong> escoge tres cualesquiera.</p>\n<h3>Equipo</h3>\n<p>Además del que obtengas por tu trasfondo, empiezas con el siguiente equipo:</p>\n<ul>\n<li>(a) un estoque, (b) una espada larga o (c) cualquier arma sencilla.</li>\n<li>(a) un paquete de diplomático o (b) un paquete de artista.</li>\n<li>(a) un laúd o (b) cualquier otro instrumento musical.</li>\n<li>Armadura de cuero y una daga.</li>\n</ul>\n<h1>El bardo</h1>\n<table border=\"0\" cellspacing=\"0\">\n<thead>\n<tr>\n<td>Nivel</td>\n<td>Bon. por competencia</td>\n<td>Rasgos</td>\n</tr>\n</thead>\n<tbody>\n<tr>\n<td>1</td>\n<td>+2</td>\n<td>@Compendium[dnd5e.classfeatures.u4NLajXETJhJU31v]{Lanzamiento de Conjuros}, @Compendium[dnd5e.classfeatures.hpLNiGq7y67d2EHA]{Inspiración Bárdica (d6)}</td>\n</tr>\n<tr>\n<td>2</td>\n<td>+2</td>\n<td>@Compendium[dnd5e.classfeatures.ezWijmCnlnQ9ZRX2]{Aprendiz de Mucho}, @Compendium[dnd5e.classfeatures.he8RpPXwSl2lVSIk]{Canción de Descanso (d6)}</td>\n</tr>\n<tr>\n<td>3</td>\n<td>+2</td>\n<td>@Compendium[dnd5e.classfeatures.ILhzFHiRrqgQ9dFJ]{Colegio Bárdico} @Compendium[dnd5e.classfeatures.aQLg7BWdRnm4Hr9S]{Pericia}</td>\n</tr>\n<tr>\n<td>4</td>\n<td>+2</td>\n<td>@Compendium[dnd5e.classfeatures.s0Cc2zcX0JzIgam5]{Mejora de Característica}</td>\n</tr>\n<tr>\n<td>5</td>\n<td>+3</td>\n<td>@Compendium[dnd5e.classfeatures.hpLNiGq7y67d2EHA]{Inspiración Bárdica (d8)}, @Compendium[dnd5e.classfeatures.3VDZGs5Ug3hIE322]{Fuente de Inspiración}</td>\n</tr>\n<tr>\n<td>6</td>\n<td>+3</td>\n<td>@Compendium[dnd5e.classfeatures.SEJmsjkEhdAZ90ki]{Contraencantamiento}, rasgo de Colegio Bárdico</td>\n</tr>\n<tr>\n<td>7</td>\n<td>+3</td>\n<td>Espacio de conjuro de nivel 4</td>\n</tr>\n<tr>\n<td>8</td>\n<td>+3</td>\n<td>@Compendium[dnd5e.classfeatures.s0Cc2zcX0JzIgam5]{Mejora de Característica}</td>\n</tr>\n<tr>\n<td>9</td>\n<td>+4</td>\n<td>Espacio de conjuro de nivel 5 @Compendium[dnd5e.classfeatures.he8RpPXwSl2lVSIk]{Canción de Descanso (d8)}</td>\n</tr>\n<tr>\n<td>10</td>\n<td>+4</td>\n<td>@Compendium[dnd5e.classfeatures.hpLNiGq7y67d2EHA]{Inspiración Bárdica (d10)}, @Compendium[dnd5e.classfeatures.aQLg7BWdRnm4Hr9S]{Pericia}, @Compendium[dnd5e.classfeatures.aonJ2YjkqkYB9WYB]{Secretos Mágicos}</td>\n</tr>\n<tr>\n<td>11</td>\n<td>+4</td>\n<td>Espacio de conjuro de nivel 6</td>\n</tr>\n<tr>\n<td>12</td>\n<td>+4</td>\n<td>@Compendium[dnd5e.classfeatures.s0Cc2zcX0JzIgam5]{Mejora Característica}</td>\n</tr>\n<tr>\n<td>13</td>\n<td>+5</td>\n<td>Espacio de conjuro de nivel 7, Slot@Compendium[dnd5e.classfeatures.he8RpPXwSl2lVSIk]{Canción de Descanso (d10)}</td>\n</tr>\n<tr>\n<td>14</td>\n<td>+5</td>\n<td>@Compendium[dnd5e.classfeatures.aonJ2YjkqkYB9WYB]{Secretos Mágicos}, rasgo de Colegio Bárdico</td>\n</tr>\n<tr>\n<td>15</td>\n<td>+5</td>\n<td>Espacio de conjuro de nivel 8, @Compendium[dnd5e.classfeatures.hpLNiGq7y67d2EHA]{Inspiración Bárdica (d12)}</td>\n</tr>\n<tr>\n<td>16</td>\n<td>+5</td>\n<td>@Compendium[dnd5e.classfeatures.s0Cc2zcX0JzIgam5]{Mejora Característica}</td>\n</tr>\n<tr>\n<td>17</td>\n<td>+6</td>\n<td>Espacio de conjuro de nivel 9, @Compendium[dnd5e.classfeatures.he8RpPXwSl2lVSIk]{Canción de Descanso (d12)}</td>\n</tr>\n<tr>\n<td>18</td>\n<td>+6</td>\n<td>@Compendium[dnd5e.classfeatures.aonJ2YjkqkYB9WYB]{Secretos Mágicos}</td>\n</tr>\n<tr>\n<td>19</td>\n<td>+6</td>\n<td>@Compendium[dnd5e.classfeatures.s0Cc2zcX0JzIgam5]{Mejora Característica}</td>\n</tr>\n<tr>\n<td>20</td>\n<td>+6</td>\n<td>@Compendium[dnd5e.classfeatures.GBYN5rH4nh1ocRlY]{Inspiración Superior}</td>\n</tr>\n</tbody>\n</table>\n<h1>Colegios bárdicos</h1>\n<h2>Colegio del Conocimiento</h2>\n<p>Los bardos del Colegio del Conocimiento siempre saben algo sobre prácticamente cualquier tema, pues coleccionan perlas de conocimiento procedentes de fuentes muy diversas; desde tratados sobre temas muy especializados hasta cuentos de campesinos. Ya sea cantando baladas populares en una taberna o interpretando elaboradas composiciones en una corte real, estos bardos emplean sus dones para fascinar a sus audiencias. Cuando los aplausos por fin se apagan, los espectadores podrían llegar a plantearse incluso sus creencias más arraigadas; desde la fe en los sacerdotes del templo local hasta su fidelidad al rey.</p>\n<p>Estos bardos depositan su lealtad en la búsqueda de la belleza y la verdad, no en reyes ni en los preceptos de una deidad. Los nobles que recurren a uno de estos bardos como consejero o heraldo saben que este tenderá a comportarse de forma más honesta que diplomática.</p>\n<p>Los miembros de este colegio se reúnen en bibliotecas y, a veces, en auténticos colegios, con sus aulas y dormitorios, en las que comparten con otros sus conocimientos. También se encuentran en festivales o reuniones de estado, en los que pueden sacar a la luz casos de corrupción, desvelar mentiras o reírse de los vanidosos representantes de la autoridad.</p>\n<h3>Rasgos del Colegio del Conocimiento</h3>\n<p>Nivel 3: @Compendium[dnd5e.classfeatures.e9ytGikyLFgwZ5wi]{Competencias Adicionales} @Compendium[dnd5e.classfeatures.5zPmHPQUne7RDfaU]{Palabras Cortantes}</p>\n<p>Nivel 6: @Compendium[dnd5e.classfeatures.myBu3zi5eYvQIcuy]{Secretos Mágicos adicionales}</p>\n<p>Nivel 14: @Compendium[dnd5e.classfeatures.pquwueEMweRhiWaq]{Habilidad sin Parangón}</p>"
		},
		"Cleric": {
			"name": "Cleric",
			"description": "<p>Como clérigo, obtienes los siguientes rasgos de clase.</p>\n<h3>Puntos de golpe</h3>\n<p><strong>Dados de Golpe:</strong> 1d8 por nivel de clérigo.<br><strong>Puntos de Golpe a nivel 1:</strong> 8 + tu modificador por Constitución.<br><strong>Puntos de Golpe a niveles superiores:</strong> 1d8 (o 5) + tu modificador por Constitución por cada nivel de clérigo por encima del primero.</p>\n<h3>Competencias</h3>\n<p><strong>Armadura:</strong> armaduras ligeras y medias, escudos.<br><strong>Armas:</strong> armas sencillas.<br><strong>Herramientas:</strong> ninguna.<br><strong>Tiradas de salvación:</strong> Sabiduría, Carisma.<br><strong>Habilidades:</strong> escoge dos de entre Historia, Medicina, Perspicacia, Persuasión y Religión.</p>\n<h3>Equipo</h3>\n<p>Además del que obtengas por tu trasfondo, empiezas con el siguiente equipo:</p>\n<ul>\n<li>(a) una maza o (b) un martillo de guerra (si eres competente).</li>\n<li>(a) cota de escamas, (b) armadura de cuero o (c) cota de malla (si eres competente).</li>\n<li>(a) una ballesta ligera y 20 virotes o (b) cualquier arma sencilla.</li>\n<li>(a) un paquete de sacerdote o (b) un paquete de explorador.</li>\n<li>Un escudo y un símbolo sagrado.</li>\n</ul>\n<h1>El clérigo</h1>\n<table>\n<thead>\n<tr>\n<td>Nivel</td>\n<td>Bon. por competencia</td>\n<td>Rasgos</td>\n</tr>\n</thead>\n<tbody>\n<tr>\n<td>1</td>\n<td>+2</td>\n<td>@Compendium[dnd5e.classfeatures.v4gKwLhAq9vuqza7]{Lanzamiento de Conjuros}, @Compendium[dnd5e.classfeatures.x637K2Icp2ZFM1TB]{Dominio Divino}</td>\n</tr>\n<tr>\n<td>2</td>\n<td>+2</td>\n<td>@Compendium[dnd5e.classfeatures.YpiLQEKGalROn7iJ]{Canalizar Divinidad (1/descanso)}, rasgo de Dominio Divino</td>\n</tr>\n<tr>\n<td>3</td>\n<td>+2</td>\n<td>Espacio de conjuro de nivel 2</td>\n</tr>\n<tr>\n<td>4</td>\n<td>+2</td>\n<td>@Compendium[dnd5e.classfeatures.s0Cc2zcX0JzIgam5]{Mejora de Característica}</td>\n</tr>\n<tr>\n<td>5</td>\n<td>+3</td>\n<td>Espacio de conjuro de nivel 3, @Compendium[dnd5e.classfeatures.NMy4piwXIpLjYbRE]{Destruir Muertos Vivientes (VD 1/2)}</td>\n</tr>\n<tr>\n<td>6</td>\n<td>+3</td>\n<td>@Compendium[dnd5e.classfeatures.YpiLQEKGalROn7iJ]{Canalizar Divinidad (2/descanso)}, rasgo de Dominio Divino</td>\n</tr>\n<tr>\n<td>7</td>\n<td>+3</td>\n<td>Espacio de conjuro de nivel 4</td>\n</tr>\n<tr>\n<td>8</td>\n<td>+3</td>\n<td>@Compendium[dnd5e.classfeatures.s0Cc2zcX0JzIgam5]{Mejora de Característica}, @Compendium[dnd5e.classfeatures.NMy4piwXIpLjYbRE]{Destruir Muertos Vivientes (VD 1)}, Drasgo de Dominio Divino</td>\n</tr>\n<tr>\n<td>9</td>\n<td>+4</td>\n<td>Espacio de conjuro de nivel 5</td>\n</tr>\n<tr>\n<td>10</td>\n<td>+4</td>\n<td>@Compendium[dnd5e.classfeatures.eVXqHn0ojWrEuYGU]{Intercesión Divina}</td>\n</tr>\n<tr>\n<td>11</td>\n<td>+4</td>\n<td>Espacio de conjuro de nivel 6, @Compendium[dnd5e.classfeatures.NMy4piwXIpLjYbRE]{Destruir Muertos Vivientes (VD 2)} </td>\n</tr>\n<tr>\n<td>12</td>\n<td>+4</td>\n<td>@Compendium[dnd5e.classfeatures.s0Cc2zcX0JzIgam5]{Mejora de Característica}</td>\n</tr>\n<tr>\n<td>13</td>\n<td>+5</td>\n<td>Espacio de conjuro de nivel 7</td>\n</tr>\n<tr>\n<td>14</td>\n<td>+5</td>\n<td>@Compendium[dnd5e.classfeatures.NMy4piwXIpLjYbRE]{Destruir Muertos Vivientes (VD 3)} </td>\n</tr>\n<tr>\n<td>15</td>\n<td>+5</td>\n<td>Espacio de conjuro de nivel 8</td>\n</tr>\n<tr>\n<td>16</td>\n<td>+5</td>\n<td>@Compendium[dnd5e.classfeatures.s0Cc2zcX0JzIgam5]{Mejora de Característica}</td>\n</tr>\n<tr>\n<td>17</td>\n<td>+6</td>\n<td>Espacio de conjuro de nivel 9, @Compendium[dnd5e.classfeatures.NMy4piwXIpLjYbRE]{Destruir Muertos Vivientes (VD 4)}, rasgo de Dominio Divino</td>\n</tr>\n<tr>\n<td>18</td>\n<td>+6</td>\n<td>@Compendium[dnd5e.classfeatures.YpiLQEKGalROn7iJ]{Canalizar Divinidad (3/descanso)}</td>\n</tr>\n<tr>\n<td>19</td>\n<td>+6</td>\n<td>@Compendium[dnd5e.classfeatures.s0Cc2zcX0JzIgam5]{Mejora de Característica}</td>\n</tr>\n<tr>\n<td>20</td>\n<td>+6</td>\n<td>@Compendium[dnd5e.classfeatures.eVXqHn0ojWrEuYGU]{Intercesión Divina (Éxito automático)}</td>\n</tr>\n</tbody>\n</table>\n<h1>Dominios divinos</h1>\n<h2>Dominio de la Vida</h2>\n<p>El dominio de la Vida se centra en la brillante energía positiva (una de las fuerzas fundamentales del universo) que sustenta a todos los seres vivos. Los dioses de la vida promueven la vitalidad y la salud curando a los enfermos y a los heridos, cuidando de los necesitados y expulsando a las fuerzas de la muerte y a los muertos vivientes. Prácticamente todas las deidades no malvadas están asociadas a este dominio, en especial las de la agricultura (como Chauntea, Arawai y Deméter), las solares (como Lathander, Pelor y Ra), las de la curación y la resistencia (como Ilmater, Mishakal, Apolo y Dian Cecht) y las del hogar y la comunidad (como Hestia, Hathory Boldrei).</p>\n<h3>Conjuros de dominio de la Vida</h3>\n<table>\n<thead>\n<tr>\n<td><strong>Nivel de clérigo</strong></td>\n<td><strong>Conjuros</strong></td>\n</tr>\n</thead>\n<tbody>\n<tr>\n<td>1</td>\n<td>@Compendium[dnd5e.spells.8dzaICjGy6mTUaUr]{Bendición}, @Compendium[dnd5e.spells.uUWb1wZgtMou0TVP]{Curar heridas}</td>\n</tr>\n<tr>\n<td>3</td>\n<td>@Compendium[dnd5e.spells.JbxsYXxSOTZbf9I0]{Arma espiritual}, @Compendium[dnd5e.spells.F0GsG0SJzsIOacwV]{Restablecimiento menor}</td>\n</tr>\n<tr>\n<td>5</td>\n<td>@Compendium[dnd5e.spells.LmRHHMtplpxr9fX6]{Revivir}, @Compendium[dnd5e.spells.ZU9d6woBdUP8pIPt]{Señal de esperanza}</td>\n</tr>\n<tr>\n<td>7</td>\n<td>@Compendium[dnd5e.spells.VtCXMdyM6mAdIJZb]{Guarda contra la muerte}, @Compendium[dnd5e.spells.TgHsuhNasPbhu8MO]{Guardián de la fe}</td>\n</tr>\n<tr>\n<td>9</td>\n<td>@Compendium[dnd5e.spells.AGFMPAmuzwWO6Dfz]{Alzar a los muertos}, @Compendium[dnd5e.spells.Pyzmm8R7rVsNAPsd]{Curar heridas en masa}</td>\n</tr>\n</tbody>\n</table>\n<h3>Rasgos del Dominio de la Vida</h3>\n<p>Nivel 1: @Compendium[dnd5e.classfeatures.68bYIOvx6rIqnlOW]{Competencia Adicional} @Compendium[dnd5e.classfeatures.jF8AFfEMICIJnAkR]{Discípulo de la Vida}</p>\n<p>Nivel 2: @Compendium[dnd5e.classfeatures.hEymt45rICi4f9eL]{Canalizar Divinidad: Preservar Vida}</p>\n<p>Nivel 6: @Compendium[dnd5e.classfeatures.yv49QN6Bzqs0ecCs]{Sanador Bendito}</p>\n<p>Nivel 8: @Compendium[dnd5e.classfeatures.T6u5z8ZTX6UftXqE]{Golpe Divino}</p>\n<p>Nivel 17: @Compendium[dnd5e.classfeatures.4UOgxzr83vFuUash]{Sanación Suprema}</p>"
		},
		"Druid": {
			"name": "Druid",
			"description": "<p>Como druida, obtienes los siguientes rasgos de clase.</p>\n<h3>Puntos de Golpe</h3>\n<p><strong>Dados de Golpe:</strong> 1d8 por nivel de druida<br><strong>Puntos de Golpe a Nivel: 1</strong> 8 + tu modificador de Constitución<br><strong>Puntos de Golpe a niveles superiores:</strong> 1d8 (o 5) + tu modificador de Constitución por cada nivel de druida a partir del primer nivel</p>\n<h3>Competencias</h3>\n<p><strong>Armadura:</strong> armaduras ligeras, armaduras medias y escudos (los druidas no llevan armaduras o escudos hechos de metal)<br><strong>Armas:</strong> garrotes, dagas, dardos, jabalinas, mazas, bastones, cimitarras, hoces, hondas y lanzas<br><strong>Herramientas:</strong>útiles de herboristas<br><strong>Tiradas de Salvación:</strong>  Inteligencia, Sabiduría<br><strong>Habilidades:</strong> elige dos de entre Conocimiento Arcano, Trato con Animales, Perspicacia,  Medicina, Naturaleza, Percepción, Religión, y Supervivencia</p>\n<h3>Equipo</h3>\n<p>Además del que obtengas por tu trasfondo, empiezas con el siguiente equipo::</p>\n<ul>\n<li>(a) un escudo de madera o (b) cualquier arma sencilla</li>\n<li>(a) una cimitarra o (b) cualquier arma cuerpo a cuerpo</li>\n<li>Armadura de cuero, un paquete de explorador y un canalizador druídico.</li>\n</ul>\n<h1>El Druida</h1>\n<table>\n<thead>\n<tr>\n<td>Nivel</td>\n<td>Bon. por competencia</td>\n<td>Características</td>\n</tr>\n</thead>\n<tbody>\n<tr>\n<td>1</td>\n<td>+2</td>\n<td><a class=\"entity-link\" draggable=\"true\" data-pack=\"dnd5e.classfeatures\" data-id=\"LzJ5ayHt0OlSVGxi\"><i class=\"fas fa-suitcase\"></i> Druídico</a>, <a class=\"entity-link\" draggable=\"true\" data-pack=\"dnd5e.classfeatures\" data-id=\"i6tPm3FNK13Ftc9v\"><i class=\"fas fa-suitcase\"></i> Lanzamiento de Conjuros</a></td>\n</tr>\n<tr>\n<td>2</td>\n<td>+2</td>\n<td><a class=\"entity-link\" draggable=\"true\" data-pack=\"dnd5e.classfeatures\" data-id=\"swK0r5TOIxredxWS\"><i class=\"fas fa-suitcase\"></i>Forma Salvaje (Max CR 1/4)</a>, <a class=\"entity-link\" draggable=\"true\" data-pack=\"dnd5e.classfeatures\" data-id=\"u6Du2P9s81SWuGbi\"><i class=\"fas fa-suitcase\"></i> Círculo Druídico</a></td>\n</tr>\n<tr>\n<td>3</td>\n<td>+2</td>\n<td>Espacio de conjuro de nivel 2</td>\n</tr>\n<tr>\n<td>4</td>\n<td>+2</td>\n<td><a class=\"entity-link\" draggable=\"true\" data-pack=\"dnd5e.classfeatures\" data-id=\"swK0r5TOIxredxWS\"><i class=\"fas fa-suitcase\"></i> Mejora de Forma Salvaje (Max CR 1/2)</a>, <a class=\"entity-link\" draggable=\"true\" data-pack=\"dnd5e.classfeatures\" data-id=\"s0Cc2zcX0JzIgam5\"><i class=\"fas fa-suitcase\"></i> Mejora de Característica</a></td>\n</tr>\n<tr>\n<td>5</td>\n<td>+3</td>\n<td>Espacio de conjuro de nivel 3</td>\n</tr>\n<tr>\n<td>6</td>\n<td>+3</td>\n<td>Rasgo de Círculo Druídico</td>\n</tr>\n<tr>\n<td>7</td>\n<td>+3</td>\n<td>Espacio de conjuro de nivel 4</td>\n</tr>\n<tr>\n<td>8</td>\n<td>+3</td>\n<td><a class=\"entity-link\" draggable=\"true\" data-pack=\"dnd5e.classfeatures\" data-id=\"swK0r5TOIxredxWS\"><i class=\"fas fa-suitcase\"></i> Mejora de Forma Salvaje(Max CR 1)</a>, <a class=\"entity-link\" draggable=\"true\" data-pack=\"dnd5e.classfeatures\" data-id=\"s0Cc2zcX0JzIgam5\"><i class=\"fas fa-suitcase\"></i> Mejora de Característica</a></td>\n</tr>\n<tr>\n<td>9</td>\n<td>+4</td>\n<td>Espacio de conjuro de nivel 5</td>\n</tr>\n<tr>\n<td>10</td>\n<td>+4</td>\n<td>Rasgo de Círculo Druídico</td>\n</tr>\n<tr>\n<td>11</td>\n<td>+4</td>\n<td>Espacio de conjuro de nivel 6</td>\n</tr>\n<tr>\n<td>12</td>\n<td>+4</td>\n<td><a class=\"entity-link\" draggable=\"true\" data-pack=\"dnd5e.classfeatures\" data-id=\"s0Cc2zcX0JzIgam5\"><i class=\"fas fa-suitcase\"></i> Mejora de Característica</a></td>\n</tr>\n<tr>\n<td>13</td>\n<td>+5</td>\n<td>Espacio de conjuro de nivel 7</td>\n</tr>\n<tr>\n<td>14</td>\n<td>+5</td>\n<td>Rasgo de Círculo Druídico</td>\n</tr>\n<tr>\n<td>15</td>\n<td>+5</td>\n<td>Espacio de conjuro de nivel 8</td>\n</tr>\n<tr>\n<td>16</td>\n<td>+5</td>\n<td><a class=\"entity-link\" draggable=\"true\" data-pack=\"dnd5e.classfeatures\" data-id=\"s0Cc2zcX0JzIgam5\"><i class=\"fas fa-suitcase\"></i> Mejora de Característica</a></td>\n</tr>\n<tr>\n<td>17</td>\n<td>+6</td>\n<td>Espacio de conjuro de nivel 9</td>\n</tr>\n<tr>\n<td>18</td>\n<td>+6</td>\n<td><a class=\"entity-link\" draggable=\"true\" data-pack=\"dnd5e.classfeatures\" data-id=\"cVDEQo0ow1WJT7Wl\"><i class=\"fas fa-suitcase\"></i> Cuerpo Atemporal</a>, <a class=\"entity-link\" draggable=\"true\" data-pack=\"dnd5e.classfeatures\" data-id=\"xvgPu1O57DgXCM86\"><i class=\"fas fa-suitcase\"></i> Conjurar como Bestia</a></td>\n</tr>\n<tr>\n<td>19</td>\n<td>+6</td>\n<td><a class=\"entity-link\" draggable=\"true\" data-pack=\"dnd5e.classfeatures\" data-id=\"s0Cc2zcX0JzIgam5\"><i class=\"fas fa-suitcase\"></i> Mejora de Característica</a></td>\n</tr>\n<tr>\n<td>20</td>\n<td>+6</td>\n<td><a class=\"entity-link\" draggable=\"true\" data-pack=\"dnd5e.classfeatures\" data-id=\"ip4bvmGoz3qkoqes\"><i class=\"fas fa-suitcase\"></i> Archidruida</a></td>\n</tr>\n</tbody>\n</table>\n<h3>Plantas y Maderas Sagradas</h3>\n<p>Los druidas consideran que ciertos árboles y plantas son sagrados, en especial el abedul, el acebo, el aliso, el avellano, el enebro, el fresno, el muérdago, el roble, el sauce, el saúco, el serbal y el tejo. Suelen usar estas especies vegetales como parte de sus canalizadores mágicos, incorporando además trozos de roble o tejo y ramitas de muérdago.</p>\n<p>Por la misma razón, los druidas también emplean estas maderas para fabricar otros objetos, como escudos o armas. El tejo está asociado a la muerte y el renacimiento, por lo que podrían\nconfeccionar los mangos de sus cimitarras u hoces con esta madera. El fresno se relaciona con la vida y el r\"oble con la fuerza, así que estos materiales son ideales para fabricar empuñaduras e incluso armas enteras, como es el caso de los garrotes y armaduras. También son útiles para crear escudos. Suele asociarse al aliso con el aire, por lo que esta madera es perfecta para armas arrojadizas, como los dardos y las jabalinas.</p>\n<p>Los druidas de aquellas regiones que carecen de especies vegetales aquí descritas han elegido otras que llevan a cabo funciones similares. De esta forma, un druida de una región desértica podría emplear árboles de yuca y cactus.</p>\n<h3>Los Druidas y los Dioses</h3>\n<p>Algunos druidas veneran a las propias fuerzas de la naturaleza, pero la mayoría son devotos de una de las muchas deidades de la naturaleza adoradas en el multiverso (la lista de dioses en <a class=\"entity-link\" draggable=\"true\" data-pack=\"dnd5e.rules\" data-id=\"2JNtWRo7wMq08bXn\"><i class=\"fas fa-book-open\"></i> appendix PH-B</a>  incluye muchas de estas divinidades). La adoración\nde estas deidades suele ser considerada como una tradición más antigua que las creencias de los clérigos y las comunidades urbanizadas. </p>\n<h1>Círculos Druídicos</h1>\n<h2>Círculo de la Tierra</h2>\n<p>El Círculo de la Tierra está compuesto de místicos y eruditos, que custodian los ritos y conocimientos antiguos mediante una rica tradición oral. Estos druidas se reúnen en torno a círculos sagrados de árboles o megalitos para susurrar secretos primordiales en lengua druídica. Los miembros más sabios del círculo son los sumos sacerdotes de las comunidades que conservan la Antigua Fe y sirven como consejeros de los gobernantes de estos pueblos. Como miembro de este círculo, tu magia se ve influenciada por la tierra en la que te iniciaste en los misteriosos ritos del círculo.</p>\n<h3>Características del Círculo de la Tierra</h3>\n<p>A Nivel 2: <a class=\"entity-link\" draggable=\"true\" data-pack=\"dnd5e.classfeatures\" data-id=\"lT8GsPOPgRzDC3QJ\"><i class=\"fas fa-suitcase\"></i> Truco Adicional</a> <a class=\"entity-link\" draggable=\"true\" data-pack=\"dnd5e.classfeatures\" data-id=\"wKdRtFsvGfMKQHLY\"><i class=\"fas fa-suitcase\"></i> Recuperación Natural</a></p>\n<p>Cuando alcanzas los niveles 3, 5, 7, 9: <a class=\"entity-link\" draggable=\"true\" data-pack=\"dnd5e.classfeatures\" data-id=\"YiK59gWSlcQ6Mbdz\"><i class=\"fas fa-suitcase\"></i> Conjuros de círculo</a></p>\n<p>A partir del nivel 6: <a class=\"entity-link\" draggable=\"true\" data-pack=\"dnd5e.classfeatures\" data-id=\"3FB25qKxmkmxcxuC\"><i class=\"fas fa-suitcase\"></i>Paso de la Tierra (Círculo de la Tierra)</a></p>\n<p>A partir del nivel 10: <a class=\"entity-link\" draggable=\"true\" data-pack=\"dnd5e.classfeatures\" data-id=\"OTvrJSJSUgAwXrWX\"><i class=\"fas fa-suitcase\"></i> Protección de la Naturaleza</a></p>\n<p>A partir del nivel 14: <a class=\"entity-link\" draggable=\"true\" data-pack=\"dnd5e.classfeatures\" data-id=\"EuX1kJNIw1F68yus\"><i class=\"fas fa-suitcase\"></i> Santuario de la Naturaleza</a></p>"
		},
		"Fighter": {
			"name": "Fighter",
			"description": "<p>Como guerrero, obtienes las siguientes características de clase.</p>\n<h3>Puntos de Golpe</h3>\n<p><strong>Dados de Golpe:</strong> 1d10 por nivel de guerrero.<br><strong>Puntoss de golpe a nivel 1:</strong> 10 + tu modificador por\nConstitución.<br><strong>Puntos de Golpe a niveles superiores:</strong> 1d10 (or 6) + tu modificador por Constitución por cada nivel de guerrero por encima del primero.</p>\n<h3>Competencias</h3>\n<p><strong>Armadura:</strong> todas las armaduras y escudos.<br><strong>Armas:</strong> armas sencillas y marciales.<br><strong>Herramientas:</strong> Ninguna<br><strong>Tiradas de salvación:</strong> Fuerza, Constitución.<br><strong>Habilidades:</strong> elige dos de entre Acrobacias, Atletismo, Historia, Intimidación, Percepción, Perspicacia, Supervivencia y Trato con Animales.</p>\n<h3>Equipo</h3>\n<p>Además del que obtengas por tu trasfondo, empiezas con el siguiente equipo:</p>\n<ul>\n<li>(a) cota de malla o (b) armadura de cuero, arco largo y 20 Hechas.</li>\n<li>(a) un arma marcial y un escudo o (b) dos armas marciales.</li>\n<li>(a) una ballesta ligera y 20 virotes o (b) dos hachas de mano.</li>\n<li>(a) un paquete de explorador de mazmorras o (b) un paquete de explorador.</li>\n</ul>\n<h1>El Guerrero</h1>\n<table>\n<thead>\n<tr>\n<td>Nivel</td>\n<td>Bon. por competencia</td>\n<td>Rasgos</td>\n</tr>\n</thead>\n<tbody>\n<tr>\n<td>1</td>\n<td>+2</td>\n<td>@Compendium[dnd5e.classfeatures.fbExzwNwEAl2kW9c]{Estilo de Combate}, @Compendium[dnd5e.classfeatures.nTjmWbyHweXuIqwc]{Tomar Aliento}</td>\n</tr>\n<tr>\n<td>2</td>\n<td>+2</td>\n<td>@Compendium[dnd5e.classfeatures.xF1VTcJ3AdkbTsdQ]{Acción Súbita (un uso)}</td>\n</tr>\n<tr>\n<td>3</td>\n<td>+2</td>\n<td>@Compendium[dnd5e.classfeatures.ax8M0X0q1GGWM26j]{Arquetipo Marcial}</td>\n</tr>\n<tr>\n<td>4</td>\n<td>+2</td>\n<td>@Compendium[dnd5e.classfeatures.sPy2OLoN7JaAcMl4]{Mejora de Característica}</td>\n</tr>\n<tr>\n<td>5</td>\n<td>+3</td>\n<td>@Compendium[dnd5e.classfeatures.q9g1MLXuLZyxjQMg]{Ataque Adicional}</td>\n</tr>\n<tr>\n<td>6</td>\n<td>+3</td>\n<td>@Compendium[dnd5e.classfeatures.sPy2OLoN7JaAcMl4]{Mejora de Característica}</td>\n</tr>\n<tr>\n<td>7</td>\n<td>+3</td>\n<td>Rasgo de Arquetipo Marcial</td>\n</tr>\n<tr>\n<td>8</td>\n<td>+3</td>\n<td>@Compendium[dnd5e.classfeatures.sPy2OLoN7JaAcMl4]{Mejora de Característica}</td>\n</tr>\n<tr>\n<td>9</td>\n<td>+4</td>\n<td>@Compendium[dnd5e.classfeatures.653ZHbNcmm7ZGXbw]{Indómito (un uso)}</td>\n</tr>\n<tr>\n<td>10</td>\n<td>+4</td>\n<td>Rasgo de Arquetipo Marcial</td>\n</tr>\n<tr>\n<td>11</td>\n<td>+4</td>\n<td>@Compendium[dnd5e.classfeatures.q9g1MLXuLZyxjQMg]{Ataque Adicional (2)}</td>\n</tr>\n<tr>\n<td>12</td>\n<td>+4</td>\n<td>@Compendium[dnd5e.classfeatures.sPy2OLoN7JaAcMl4]{Mejora de Característica}</td>\n</tr>\n<tr>\n<td>13</td>\n<td>+5</td>\n<td>@Compendium[dnd5e.classfeatures.653ZHbNcmm7ZGXbw]{Indómito (dos usos)}</td>\n</tr>\n<tr>\n<td>14</td>\n<td>+5</td>\n<td>@Compendium[dnd5e.classfeatures.sPy2OLoN7JaAcMl4]{Mejora de Característica}</td>\n</tr>\n<tr>\n<td>15</td>\n<td>+5</td>\n<td>Rasgo de Arquetipo Marcial</td>\n</tr>\n<tr>\n<td>16</td>\n<td>+5</td>\n<td>@Compendium[dnd5e.classfeatures.sPy2OLoN7JaAcMl4]{Mejora de Característica}</td>\n</tr>\n<tr>\n<td>17</td>\n<td>+6</td>\n<td>@Compendium[dnd5e.classfeatures.xF1VTcJ3AdkbTsdQ]{Acción Súbita (dos usos)}, @Compendium[dnd5e.classfeatures.653ZHbNcmm7ZGXbw]{Indómito (tres usos)}</td>\n</tr>\n<tr>\n<td>18</td>\n<td>+6</td>\n<td>Rasgo de Arquetipo Marcial</td>\n</tr>\n<tr>\n<td>19</td>\n<td>+6</td>\n<td>@Compendium[dnd5e.classfeatures.sPy2OLoN7JaAcMl4]{Mejora de Característica}</td>\n</tr>\n<tr>\n<td>20</td>\n<td>+6</td>\n<td>@Compendium[dnd5e.classfeatures.q9g1MLXuLZyxjQMg]{Ataque Adicional (3)}</td>\n</tr>\n</tbody>\n</table>\n<h1>Arquetipo Marcial</h1>\n<p>Diferentes guerreros escogen diferentes formas de perfeccionar su pericia en combate. El arquetipo marcial que elijas imitar te permitirá reflejarlas.</p>\n<h2>Campeón</h2>\n<p>El Campeón arquetípico se centra en desarrollar su poderío físico en bruto hasta alcanzar una perfección mortal. Aquellos que deciden emular este arquetipo combinan un riguroso entrenamiento con un estado físico excelente, que les permite dar gol pes devastadores.</p>\n<h3>Características del campeón</h3>\n<p>3rd Level: @Compendium[dnd5e.classfeatures.YgLQV1O849wE5TgM]{Crítico Mejorado}</p>\n<p>7th Level: @Compendium[dnd5e.classfeatures.dHu1yzIjD38BvGGd]{Atleta Sobresaliente}</p>\n<p>10th Level: @Compendium[dnd5e.classfeatures.kYJsED0rqqqUcgKz]{Estilo de Combate Adicional}</p>\n<p>15th Level: @Compendium[dnd5e.classfeatures.aVKH6TLn1AG9hPSA]{Crítico Superior}</p>\n<p>18th Level: @Compendium[dnd5e.classfeatures.ipG5yx1tRNmeJfSH]{Superviviente}</p>"
		},
		"Monk": {
			"name": "Monk",
			"description": "<p>Como monje, obtienes los siguientes rasgos de clase.</p>\n<h3>Puntos de Golpe</h3>\n<p><strong>Dados de Golpe:</strong> 1d8 por nivel de monje.l<br><strong>Puntos de Golpe a ivel 1:</strong> 8 + tu modificador por Constitución.<br><strong>Puntos de Golpe a niveles superiores:</strong> 1d8 (or 5) + tu modifi-\ncador por Constitución por cada nivel de monje por encima del primero.</p>\n<h3>Competencias</h3>\n<p><strong>Armadura:</strong> Ninguna<br><strong>Arma:</strong> armas sencillas, espadas cortas.<br><strong>Herramientas:</strong> escoge un tipo de herramientas de artesano o un instrumento musical.<br><strong>Tiradas de salvación:</strong> Fuerza, Destreza.<br><strong>Habilidades:</strong> escoge dos de entre Acrobacias, Atletismo, Historia, Perspicacia, Religión y Sigilo.</p>\n<h3>Equipo</h3>\n<p>Además del que obtengas por tu trasfondo, empiezas con el siguiente equipo:</p>\n<ul>\n<li>(a) una espada corta o (b) cualquier arma sencilla.</li>\n<li>(a) un paquete de explorador de mazmorras o (b) un paquete de explorador.</li>\n<li>10 dardos</li>\n</ul>\n<h1>El Monje</h1>\n<table>\n<thead>\n<tr>\n<td>Nivel</td>\n<td>Bon. por competencia</td>\n<td>Artes Marciales</td>\n<td>Puntos de Ki </td>\n<td>Movimiento sin Armadura</td>\n<td>Rasgos</td>\n</tr>\n</thead>\n<tbody>\n<tr>\n<td>1</td>\n<td>+2</td>\n<td>1d4</td>\n<td>—</td>\n<td>—</td>\n<td>@Compendium[dnd5e.classfeatures.UAvV7N7T4zJhxdfI]{Defensa sin Armadura}, @Compendium[dnd5e.classfeatures.l50hjTxO2r0iecKw]{Artes Marciales}</td>\n</tr>\n<tr>\n<td></td>\n<td>+2</td>\n<td>1d4</td>\n<td>2</td>\n<td>+10 ft.</td>\n<td>@Compendium[dnd5e.classfeatures.10b6z2W1txNkrGP7]{Ki}, @Compendium[dnd5e.classfeatures.7vSrGc0MP5Vzm9Ac]{Movimiento sin Armadura}</td>\n</tr>\n<tr>\n<td>3</td>\n<td>+2</td>\n<td>1d4</td>\n<td>3</td>\n<td>+10 ft.</td>\n<td>@Compendium[dnd5e.classfeatures.rtpQdX77dYWbDIOH]{Tradición Monástica}, @Compendium[dnd5e.classfeatures.mzweVbnsJPQiVkAe]{Desviar Proyectiles}</td>\n</tr>\n<tr>\n<td>4</td>\n<td>+2</td>\n<td>1d4</td>\n<td>4</td>\n<td>+10 ft.</td>\n<td>@Compendium[dnd5e.classfeatures.s0Cc2zcX0JzIgam5]{Mejora de Característica}, @Compendium[dnd5e.classfeatures.KQz9bqxVkXjDl8gK]{Caída Lenta}</td>\n</tr>\n<tr>\n<td>5</td>\n<td>+3</td>\n<td>1d6</td>\n<td>5</td>\n<td>+10 ft.</td>\n<td>@Compendium[dnd5e.classfeatures.XogoBnFWmCAHXppo]{Ataque Adicional}, @Compendium[dnd5e.classfeatures.pvRc6GAu1ok6zihC]{Golpe Aturdidor}</td>\n</tr>\n<tr>\n<td>6</td>\n<td>+3</td>\n<td>1d6</td>\n<td>6</td>\n<td>+15 ft.</td>\n<td>\n<p>@Compendium[dnd5e.classfeatures.7flZKruSSu6dHg6D]{Golpes Potenciados con Ki},</p>\n<p>Rasgo de Tradición Monástica</p>\n</td>\n</tr>\n<tr>\n<td>7</td>\n<td>+3</td>\n<td>1d6</td>\n<td>7</td>\n<td>+15 ft.</td>\n<td>@Compendium[dnd5e.classfeatures.a4P4DNMmH8CqSNkC]{Evasión}, @Compendium[dnd5e.classfeatures.ZmC31XKS4YNENnoc]{Quietud Mental}</td>\n</tr>\n<tr>\n<td>8</td>\n<td>+3</td>\n<td>1d6</td>\n<td>8</td>\n<td>+15 ft.</td>\n<td>@Compendium[dnd5e.classfeatures.s0Cc2zcX0JzIgam5]{Mejora de Característica}</td>\n</tr>\n<tr>\n<td>9</td>\n<td>+4</td>\n<td>1d6</td>\n<td>9</td>\n<td>+15 ft.</td>\n<td>Mejora de Movimiento sin Armadura</td>\n</tr>\n<tr>\n<td>10</td>\n<td>+4</td>\n<td>1d6</td>\n<td>10</td>\n<td>+20 ft.</td>\n<td>@Compendium[dnd5e.classfeatures.bqWA7t9pDELbNRkp]{Pureza de Cuerpo}</td>\n</tr>\n<tr>\n<td>11</td>\n<td>+4</td>\n<td>1d8</td>\n<td>11</td>\n<td>+20 ft.</td>\n<td>Rasgo de Tradición Monástica</td>\n</tr>\n<tr>\n<td>12</td>\n<td>+4</td>\n<td>1d8</td>\n<td>12</td>\n<td>+20 ft.</td>\n<td>@Compendium[dnd5e.classfeatures.s0Cc2zcX0JzIgam5]{Mejora de Característica}</td>\n</tr>\n<tr>\n<td>13</td>\n<td>+5</td>\n<td>1d8</td>\n<td>13</td>\n<td>+20 ft.</td>\n<td>@Compendium[dnd5e.classfeatures.XjuGBeB8Y0C3A5D4]{Lengua del Sol y la Luna}</td>\n</tr>\n<tr>\n<td>14</td>\n<td>+5</td>\n<td>1d8</td>\n<td>14</td>\n<td>+25 ft.</td>\n<td>@Compendium[dnd5e.classfeatures.7D2EkLdISwShEDlN]{Alma Diamantina}</td>\n</tr>\n<tr>\n<td>15</td>\n<td>+5</td>\n<td>1d8</td>\n<td>15</td>\n<td>+25 ft.</td>\n<td>@Compendium[dnd5e.classfeatures.gDH8PMrKvLHaNmEI]{Cuerpo Atemporal}</td>\n</tr>\n<tr>\n<td>16</td>\n<td>+5</td>\n<td>1d8</td>\n<td>16</td>\n<td>+25 ft.</td>\n<td>@Compendium[dnd5e.classfeatures.s0Cc2zcX0JzIgam5]{Mejora de Característica}</td>\n</tr>\n<tr>\n<td>17</td>\n<td>+6</td>\n<td>1d10</td>\n<td>17</td>\n<td>+25 ft.</td>\n<td>Rasgo de Tradición Monástica</td>\n</tr>\n<tr>\n<td>18</td>\n<td>+6</td>\n<td>1d10</td>\n<td>18</td>\n<td>+30 ft.</td>\n<td>@Compendium[dnd5e.classfeatures.3jwFt3hSqDswBlOH]{Cuerpo Vacío}</td>\n</tr>\n<tr>\n<td>19</td>\n<td>+6</td>\n<td>1d10</td>\n<td>19</td>\n<td>+30 ft.</td>\n<td>@Compendium[dnd5e.classfeatures.s0Cc2zcX0JzIgam5]{Mejora de Característica}</td>\n</tr>\n<tr>\n<td>20</td>\n<td>+6</td>\n<td>1d10</td>\n<td>20</td>\n<td>+30 ft.</td>\n<td>@Compendium[dnd5e.classfeatures.mQNPg89YIs7g5tG4]{Yo Perfecto}</td>\n</tr>\n</tbody>\n</table>\n<h1>Tradiciones monásticas</h1>\n<p>Tres tradiciones monásticas son particularmente comunes en los monasterios dispersos por el multiverso. La mayoría de ellos practican una de ellas en exclusiva, pero unos pocos honran a las tres e instruyen a cada uno de los monjes de forma individual, teniendo en consideración sus aptitudes e intereses.\nLas tres tradiciones se apoyan en las mismas técnicas básicas, aunque divergen al ir umentando las aptitudes del alumno. Es por eso por lo que un monje no elige su tradición hasta llegar a nivel 3.</p>\n<h2>Camino de la Mano Abierta</h2>\n<p>Los monjes del Camino de la Mano Abierta son los maestros definitivos de las artes marciales, ya sea con o sin armas. Aprenden técnicas que les permiten empujar y derribar a sus oponentes, manipular el ki para curar sus propios cuerpos y practicar un tipo de meditación avanzada que les protege de toda agresión.</p>\n<h3>Características del Camino de la Mano Abierta</h3>\n<p>3rd Level: @Compendium[dnd5e.classfeatures.iQxLNydNLlCHNKbp]{Técnica de la Mano Abierta}</p>\n<p>6th Level: @Compendium[dnd5e.classfeatures.Q7mOdk4b1lgjcptF]{Plenitud de Cuerpo}</p>\n<p>11th Level: @Compendium[dnd5e.classfeatures.rBDZLatuoolT2FUW]{Tranquilidad}</p>\n<p>17th Level: @Compendium[dnd5e.classfeatures.h1gM8SH3BNRtFevE]{Palma Estremecedora}</p>"
		},
		"Paladin": {
			"name": "Paladín",
			"description": "<p>Como paladín, obtienes los siguientes rasgos de clase.</p>\n<h3>Puntos de Golpe</h3>\n<p><strong>Dados de Golpe:</strong> 1d10 por nivel de paladín.<br><strong>Puntos de Golpe a nivel 1:</strong> 10 + u modificador por Constitución.<br><strong>Puntos de Golpe a niveles superiores:</strong> 1d10 (or 6) + tu modificador por Constitución por cada nivel de paladín por encima del primero.</p>\n<h3>Competencias</h3>\n<p><strong>Armadura:</strong>  todas las armaduras y escudos.<br><strong>Armas:</strong> armas sencillas y marciales.<br><strong>Herramientas:</strong> Ninguna<br><strong>Tiradas de salvación:</strong> Sabiduría, Carisma.<br><strong>Habilidades:</strong> escoge dos de entre Atletismo, Intimidación,\nMedicina, Perspicacia, Persuasión y Religión.</p>\n<h3>Equipo</h3>\n<p>Además del que obtengas por tu trasfondo, empiezas con el siguiente equipo:</p>\n<ul>\n<li>(a) un arma marcial y un escudo o (b) dos armas marciales.</li>\n<li>(a) cinco jabalinas o (b) cualquier arma cuerpo a cuerpo sencilla.</li>\n<li>(a) un paquete de sacerdote o (b) un paquete de explorador.</li>\n<li>Cota de malla y un símbolo sagrado.</li>\n</ul>\n<h1>El Paladín </h1>\n<table>\n<thead>\n<tr>\n<td>Nivel</td>\n<td>Bon. por competencia</td>\n<td>Rasgos</td>\n</tr>\n</thead>\n<tbody>\n<tr>\n<td>1</td>\n<td>+2</td>\n<td>@Compendium[dnd5e.classfeatures.E8ozg8avUVOX9N7u]{Sentidos Divinos},  @Compendium[dnd5e.classfeatures.OdrvL3afwLOPeuYZ]{Imponer las Manos}</td>\n</tr>\n<tr>\n<td>2</td>\n<td>+2</td>\n<td>@Compendium[dnd5e.classfeatures.fbExzwNwEAl2kW9c]{Estilo de Combate}, @Compendium[dnd5e.classfeatures.ihoQHsmVZlyDbPhX]{Lanzamiento de Conjuros}, @Compendium[dnd5e.classfeatures.ySMPQ6zNSlvkrl2f]{Castigo Divino}</td>\n</tr>\n<tr>\n<td>3</td>\n<td>+2</td>\n<td>@Compendium[dnd5e.classfeatures.dY9yrqkyEDuF0CG2]{Salud Divina}, @Compendium[dnd5e.classfeatures.olAqNsUTIef9x8xC]{Juramento Sagrado}</td>\n</tr>\n<tr>\n<td>4</td>\n<td>+2</td>\n<td>@Compendium[dnd5e.classfeatures.s0Cc2zcX0JzIgam5]{Mejora de Característica}</td>\n</tr>\n<tr>\n<td>5</td>\n<td>+3</td>\n<td>Espacio de conjuro de nivel 2, @Compendium[dnd5e.classfeatures.XogoBnFWmCAHXppo]{Ataque Adicional}</td>\n</tr>\n<tr>\n<td>6</td>\n<td>+3</td>\n<td>@Compendium[dnd5e.classfeatures.carGDhkIdoduTC0I]{Aura de Protección}</td>\n</tr>\n<tr>\n<td>7</td>\n<td>+3</td>\n<td>Rasgo de Juramento Sagrado</td>\n</tr>\n<tr>\n<td>8</td>\n<td>+3</td>\n<td>@Compendium[dnd5e.classfeatures.s0Cc2zcX0JzIgam5]{Mejora de Característica}</td>\n</tr>\n<tr>\n<td>9th</td>\n<td>+4</td>\n<td>Espacio de conjuro de nivel 3</td>\n</tr>\n<tr>\n<td>10</td>\n<td>+4</td>\n<td>@Compendium[dnd5e.classfeatures.nahSkBO6LH4HkpaT]{Aura de Coraje}</td>\n</tr>\n<tr>\n<td>11</td>\n<td>+4</td>\n<td>@Compendium[dnd5e.classfeatures.FAk41RPCTcvCk6KI]{Castigo Divino Mejorado}</td>\n</tr>\n<tr>\n<td>12</td>\n<td>+4</td>\n<td>@Compendium[dnd5e.classfeatures.s0Cc2zcX0JzIgam5]{Mejora de Característica}</td>\n</tr>\n<tr>\n<td>13</td>\n<td>+5</td>\n<td>Espacio de conjuro de nivel 4</td>\n</tr>\n<tr>\n<td>14</td>\n<td>+5</td>\n<td>@Compendium[dnd5e.classfeatures.U7BIPVPsptBmwsnV]{Toque Purificador}</td>\n</tr>\n<tr>\n<td>15</td>\n<td>+5</td>\n<td>Rasgo de Juramento Sagrado</td>\n</tr>\n<tr>\n<td>16</td>\n<td>+5</td>\n<td>@Compendium[dnd5e.classfeatures.s0Cc2zcX0JzIgam5]{Mejora de Característica}</td>\n</tr>\n<tr>\n<td>17</td>\n<td>+6</td>\n<td>Espacio de conjuro de nivel 5</td>\n</tr>\n<tr>\n<td>18</td>\n<td>+6</td>\n<td>Mejora de Auras</td>\n</tr>\n<tr>\n<td>19</td>\n<td>+6</td>\n<td>@Compendium[dnd5e.classfeatures.s0Cc2zcX0JzIgam5]{Mejora de Característica}</td>\n</tr>\n<tr>\n<td>20</td>\n<td>+6</td>\n<td>Rasgo de Juramento Sagrado</td>\n</tr>\n</tbody>\n</table>\n<h1>Juramento Sagrado</h1>\n<p>Convertirse en un paladín implica tomar unos votos que te comprometen con la causa de la justicia, en una lucha constante contra la maldad. El juramento definitivo, que tomas cuando llegas a nivel 3, es la culminación del entrenamiento de un paladín. Algunos personajes de esta clase no se consideran a sí mismos auténticos paladines hasta que no han alcanzado el nivel 3 y pronunciado su juramento. No obstante, para otros esto no es más que un formalismo, un sello oficial sobre algo que siempre estuvo en el corazón del paladín.</p>\n<h2>Juramento de Entrega</h2>\n<p>El Juramento de Entrega vincula al paladín con tres ideales sublimes: la justicia, la virtud y el orden. También llamados adalides, caballeros blancos o guerreros sagrados, estos paladines encarnan el ideal del caballero de brillante armadura. que actúa con honor y persigue la justicia y el bien mayor. Se exigen a sí mismos los más altos estándares de conducta y algunos de ellos. para bien o para mal, esperan lo mismo del resto del mundo. Muchos de los que pronuncian este juramento veneran a dioses de la ley y la bondad y emplean los mandamientos de\nestas deidades como vara de medir de su propia entrega. Conciben a los ángeles (los siervos perfectos del bien) como el ideal al que aspirar e incorporan imágenes de alas angelicales en sus yelmos o blasones.</p>\n<h3>Conjuros de Juramento</h3>\n<p>Obtienes los siguientes conjuros de juramento a los niveles de paladín indicados.</p>\n<table>\n<thead>\n<tr>\n<td><strong>Nivel Paladín</strong></td>\n<td><strong>Conjuros</strong></td>\n</tr>\n</thead>\n<tbody>\n<tr>\n<td>3</td>\n<td>@Compendium[dnd5e.spells.xmDBqZhRVrtLP8h2]{Protección contra el bien y el mal}, @Compendium[dnd5e.spells.gvdA9nPuWLck4tBl]{Santuario}</td>\n</tr>\n<tr>\n<td>5</td>\n<td>@Compendium[dnd5e.spells.F0GsG0SJzsIOacwV]{Restablecimiento menor}, @Compendium[dnd5e.spells.CylBa7jR8DSbo8Z3]{Zona de la verdad}</td>\n</tr>\n<tr>\n<td>9</td>\n<td>@Compendium[dnd5e.spells.ZU9d6woBdUP8pIPt]{Señal de Esperanza}, @Compendium[dnd5e.spells.15Fa6q1nH27XfbR8]{Disipar Magia}</td>\n</tr>\n<tr>\n<td>13</td>\n<td>@Compendium[dnd5e.spells.da0a1t2FqaTjRZGT]{Libertad de Movimiento}, @Compendium[dnd5e.spells.TgHsuhNasPbhu8MO]{Guardián de la Fe}</td>\n</tr>\n<tr>\n<td>17</td>\n<td>@Compendium[dnd5e.spells.d54VDyFulD9xxY7J]{Comunión}, @Compendium[dnd5e.spells.5e1xTohkzqFqbYH4]{Golpe Flamígero}</td>\n</tr>\n</tbody>\n</table>\n<h3>Canalizar Divinidad</h3>\n<p>Cuando asumes este juramento, a nivel 3, obtienes las siguientes dos opciones de Canalizar Divinidad. @Compendium[dnd5e.classfeatures.8M7uOPhbTxoxxJSo]{Canalizar Divinidad} options.</p>\n<p>@Compendium[dnd5e.classfeatures.xNN0JMKqlG4hKVYu]{Canalizar Divinidad: Arma Sagrada}</p>\n<p>@Compendium[dnd5e.classfeatures.ZdwGlsJNtc7pGFCd]{Canalizar Divinidad: Expulsar lo Impío}</p>\n<h3>Romper tu Juramento</h3>\n<p>Un paladín siempre intenta alcanzar los más altos estándares de conducta, pero incluso el más virtuoso de ellos es falible. A veces el camino correcto es demasiado exigente, una situación fuerza a elegir el menor de dos males o el calor de las emociones hace que un paladín viole su propio juramento.</p>\n<p>Lo normal es que un paladín que haya roto sus votos busque que un clérigo que comparta su fe u otro paladín de la misma orden le absuelva. El paladín podría pasar una noche entera de vigilia, rezando, como señal de penitencia. Una alternativa es ayunar o llevar a cabo cualquier otro acto de sacrificio. Tras finalizar el rito de la confesión y el perdón, el paladín puede hacer borrón y cuenta nueva.</p>\n<p>Si un paladín viola su juramento a sabiendas y no muestra señal alguna de arrepentimiento, las consecuencias pueden ser mucho más serias. Si el DM lo considera oportuno, el paladín impenitente podría verse forzado a abandonar su clase y adoptar otra.</p>"
		},
		"Ranger": {
			"name": "Ranger",
			"description": "<p>Como explorador, obtienes los siguientes rasgos de clase..</p>\n<h3>Puntos de Golpe a nivel 1:</h3>\n<p><strong>Dados de Golpe:</strong> 1d10 por nivel de explorador.<br><strong>Puntos de Golpe a nivel 1:</strong> 10 + tu modificador por Constitución.<br><strong>Puntos de Golpe a niveles superiores:</strong> ldlO (o 6) + tu modificador por Constitución por cada nivel de explorador por encima del primero.</p>\n<h3>Competencias</h3>\n<p><strong>Armadura:</strong> armaduras ligeras y medias, escudos.<br><strong>Armas:</strong>  armas sencillas y marciales.<br><strong>Herramientas:</strong> ninguna.<br><strong>Tiradas de salvación:</strong> Fuerza, Destreza.<br><strong>Habilidades:</strong> elige tres de entre Atletismo, Investigación, Natu•\nraleza, Percepción, Perspicacia, Sigilo, Supervivencia y\nTrato con Animales.</p>\n<h3>Equipo</h3>\n<p>Además del que obtengas por tu trasfondo, empiezas con el\nsiguiente equipo:</p>\n<ul>\n<li>(a) cota de escamas o (b) armadura de cuero.</li>\n<li>(a) dos espadas cortas o (b) dos armas sencillas.</li>\n<li>(a) un paquete de explorador de mazmorras o (b) un paquete\nde explorador.</li>\n<li>Un arco largo y' una aljaba con 20 flechas.</li>\n</ul>\n<h1>El Explorador</h1>\n<table>\n<thead>\n<tr>\n<td>Nivel</td>\n<td>Bon. por competencia</td>\n<td>Rasgos</td>\n</tr>\n</thead>\n<tbody>\n<tr>\n<td>1</td>\n<td>+2</td>\n<td>@Compendium[dnd5e.classfeatures.4Vpj9vCOB37GtXk6]{Enemigo Predilecto}, @Compendium[dnd5e.classfeatures.8fbZt2Qh7ZttwIan]{Explorador Nato}</td>\n</tr>\n<tr>\n<td>2</td>\n<td>+2</td>\n<td>@Compendium[dnd5e.classfeatures.fbExzwNwEAl2kW9c]{Estilo de Combate}, @Compendium[dnd5e.classfeatures.u6xV3Ki3TXRrD7zg]{Lanzamiento de Conjuros}</td>\n</tr>\n<tr>\n<td>3</td>\n<td>+2</td>\n<td>@Compendium[dnd5e.classfeatures.1dJHU48yNqn3lcfx]{Arquetipo de Explorador}, @Compendium[dnd5e.classfeatures.kaHcUGiwi8AtfZIm]{Percepción Primigenia}</td>\n</tr>\n<tr>\n<td>4</td>\n<td>+2</td>\n<td>@Compendium[dnd5e.classfeatures.s0Cc2zcX0JzIgam5]{Mejora de Característica}</td>\n</tr>\n<tr>\n<td>5</td>\n<td>+3</td>\n<td>Espacio de conjuro de nivel 2, @Compendium[dnd5e.classfeatures.XogoBnFWmCAHXppo]{Ataque Adicional}</td>\n</tr>\n<tr>\n<td>6</td>\n<td>+3</td>\n<td>@Compendium[dnd5e.classfeatures.4Vpj9vCOB37GtXk6]{Mejoras de Enemigo Predilecto}, @Compendium[dnd5e.classfeatures.8fbZt2Qh7ZttwIan]{Mejoras Explorador Nato}</td>\n</tr>\n<tr>\n<td>7</td>\n<td>+3</td>\n<td>Rasgo de Arquetipo de Explorador</td>\n</tr>\n<tr>\n<td>8</td>\n<td>+3</td>\n<td>@Compendium[dnd5e.classfeatures.s0Cc2zcX0JzIgam5]{Mejora de Característica}, @Compendium[dnd5e.classfeatures.C5fzaOBc6HxyOWRn]{Paso de la Tierra}</td>\n</tr>\n<tr>\n<td>9</td>\n<td>+4</td>\n<td>Espacio de conjuro de nivel 3</td>\n</tr>\n<tr>\n<td>10</td>\n<td>+4</td>\n<td>@Compendium[dnd5e.classfeatures.8fbZt2Qh7ZttwIan]{Mejora de Explorador Nato}, @Compendium[dnd5e.classfeatures.r0unvWK0lPsDthDx]{Esconderse a Plena Vista}</td>\n</tr>\n<tr>\n<td>11</td>\n<td>+4</td>\n<td>Rasgo de Arquetipo de Explorador</td>\n</tr>\n<tr>\n<td>12</td>\n<td>+4</td>\n<td>@Compendium[dnd5e.classfeatures.s0Cc2zcX0JzIgam5]{Mejora de Característica}</td>\n</tr>\n<tr>\n<td>13</td>\n<td>+5</td>\n<td>Espacio de conjuro de nivel 4</td>\n</tr>\n<tr>\n<td>14</td>\n<td>+5</td>\n<td>@Compendium[dnd5e.classfeatures.4Vpj9vCOB37GtXk6]{Mejora de Enemigo Predilecto,}, @Compendium[dnd5e.classfeatures.DhU2dWCNnX78TstR]{Desvanecerse}</td>\n</tr>\n<tr>\n<td>15</td>\n<td>+5</td>\n<td>Rasgo de Arquetipo de Explorador</td>\n</tr>\n<tr>\n<td>16</td>\n<td>+5</td>\n<td>@Compendium[dnd5e.classfeatures.s0Cc2zcX0JzIgam5]{Mejora de Característica}</td>\n</tr>\n<tr>\n<td>17</td>\n<td>+6</td>\n<td>Espacio de conjuro de nivel 5</td>\n</tr>\n<tr>\n<td>18</td>\n<td>+6</td>\n<td>@Compendium[dnd5e.classfeatures.QBVmY56RMQuh6C8h]{Sentidos Salvajes}</td>\n</tr>\n<tr>\n<td>19</td>\n<td>+6</td>\n<td>@Compendium[dnd5e.classfeatures.s0Cc2zcX0JzIgam5]{Mejora de Característica}</td>\n</tr>\n<tr>\n<td>20</td>\n<td>+6</td>\n<td>@Compendium[dnd5e.classfeatures.3CaP1vFHVR8LgHjx]{Azote de Enemigos}</td>\n</tr>\n</tbody>\n</table>\n<h1>Arquetipo de Explorador</h1>\n<p>Una expresión clásica del ideal del guardabosques es el cazador.</p>\n<h2>Cazador</h2>\n<p>Emular el arquetipo del Cazador implica aceptar tu papel como baluarte que protege la civilización de los terrores de la naturaleza salvaje. Al caminar por la senda del Cazador aprendes técnicas especializadas para enfrentarte a los desafíos con los que este protector se encuentra; desde unos incursores ogros hasta hordas de orcos, pasando por descomunales gigantes y espantosos dragones.</p>\n<h3>Características del cazador</h3>\n<p>3rd Level: @Compendium[dnd5e.classfeatures.wrxIW5sDfmGr3u5s]{El Cazador y la Presa}</p>\n<p>7th Level: @Compendium[dnd5e.classfeatures.WgQrqjmeyMqDzVt3]{Tácticas Defensivas}</p>\n<p>11th Level: @Compendium[dnd5e.classfeatures.7zlTRRXT1vWSBGjX]{Ataque Múltiple}</p>\n<p>15th Level: @Compendium[dnd5e.classfeatures.a0Sq88dgnREcIMfl]{Defensa de Cazador Experto}</p>"
		},
		"Rogue": {
			"name": "Rogue",
			"description": "<p>Como pícaro, obtienes los siguientes rasgos de clase.</p>\n<h3>Puntos de Golpe</h3>\n<p><strong>Dados de Golpe:</strong> ld8 por nivel de pícaro.<br><strong>Puntos de Golpe a nivel 1:</strong> 8 + tu modificador por Constitución.<br><strong>Puntos de Golpe a niveles superiores:</strong> 1d8 (or 5) + tu modifi-\ncador por Constitución por cada nivel de pícaro por encima del primero.</p>\n<h3>Competencias</h3>\n<p><strong>Armadura:</strong> armaduras ligeras.<br><strong>Armas:</strong> armas sencillas, ballestas de mano, espadas cortas. espadas largas y estoques.<br><strong>Herramientas:</strong> herramientas de ladrón.<br><strong>Tiradas de salvación:</strong> Destreza, Inteligencia.<br><strong>Habilidades:</strong> elige cuatro de entre Acrobacias, Atletismo. Engaño, Interpretación. Intimidación, lnvestigación,Juego de Manos, Percepción, Perspicacia. Persuasión y Sigilo.</p>\n<h3>Equipo</h3>\n<p>Además del que obtengas por tu trasfondo, empiezas con el siguiente equipo:</p>\n<ul>\n<li>(a) un estoque o (b) una espada corla.</li>\n<li>(a) un arco corto y una aljaba de 20 flechas o (b) una espada corta.</li>\n<li>(a) un paquete de ladrón, (b) un paquete de explorador de mazmorras o (c) un paquete de explorador.</li>\n<li>Armadura de cuero, dos dagas y herramientas de ladrón.</li>\n</ul>\n<h1>El Pícaro</h1>\n<table>\n<thead>\n<tr>\n<td>Nivel</td>\n<td>Bon. por competencia</td>\n<td>Ataque Furtivo</td>\n<td>Rasgos</td>\n</tr>\n</thead>\n<tbody>\n<tr>\n<td>1</td>\n<td>+2</td>\n<td>1d6</td>\n<td>@Compendium[dnd5e.classfeatures.3sYPftQKnbbVnHrh]{Pericia}, @Compendium[dnd5e.classfeatures.DPN2Gfk8yi1Z5wp7]{Ataque Furtivo}, @Compendium[dnd5e.classfeatures.ohwfuwnvuoBWlSQr]{Jerga de Ladrones}</td>\n</tr>\n<tr>\n<td>2</td>\n<td>+2</td>\n<td>1d6</td>\n<td>@Compendium[dnd5e.classfeatures.01pcLg6PRu5zGrsb]{Acción Astuta}</td>\n</tr>\n<tr>\n<td>3</td>\n<td>+2</td>\n<td>2d6</td>\n<td>@Compendium[dnd5e.classfeatures.80USV8ZFPIahpLd0]{Arquetipo de Pícaro}</td>\n</tr>\n<tr>\n<td>4</td>\n<td>+2</td>\n<td>2d6</td>\n<td>@Compendium[dnd5e.classfeatures.v7MxFuTAgOsmxZCD]{Mejora de Característica}</td>\n</tr>\n<tr>\n<td>5</td>\n<td>+3</td>\n<td>3d6</td>\n<td>@Compendium[dnd5e.classfeatures.Mm64SKAHJWYecgXS]{Esquiva Asombrosa}</td>\n</tr>\n<tr>\n<td>6</td>\n<td>+3</td>\n<td>3d6</td>\n<td>@Compendium[dnd5e.classfeatures.3sYPftQKnbbVnHrh]{Pericia}</td>\n</tr>\n<tr>\n<td>7</td>\n<td>+3</td>\n<td>4d6</td>\n<td>@Compendium[dnd5e.classfeatures.a4P4DNMmH8CqSNkC]{Evasión}</td>\n</tr>\n<tr>\n<td>8</td>\n<td>+3</td>\n<td>4d6</td>\n<td>@Compendium[dnd5e.classfeatures.v7MxFuTAgOsmxZCD]{Mejora de Característica}</td>\n</tr>\n<tr>\n<td>9</td>\n<td>+4</td>\n<td>5d6</td>\n<td>Rasgo de Arquetipo de Pícaro</td>\n</tr>\n<tr>\n<td>10</td>\n<td>+4</td>\n<td>5d6</td>\n<td>@Compendium[dnd5e.classfeatures.v7MxFuTAgOsmxZCD]{Mejora de Característica}</td>\n</tr>\n<tr>\n<td>11</td>\n<td>+4</td>\n<td>6d6</td>\n<td>@Compendium[dnd5e.classfeatures.YN9xm6MCvse4Y60u]{Talentos Fiables}</td>\n</tr>\n<tr>\n<td>12</td>\n<td>+4</td>\n<td>6d6</td>\n<td>@Compendium[dnd5e.classfeatures.v7MxFuTAgOsmxZCD]{Mejora de Característica}</td>\n</tr>\n<tr>\n<td>13</td>\n<td>+5</td>\n<td>7d6</td>\n<td>Rasgo de Arquetipo de Pícaro</td>\n</tr>\n<tr>\n<td>14</td>\n<td>+5</td>\n<td>7d6</td>\n<td>@Compendium[dnd5e.classfeatures.fjsBk7zxoAbLf8ZI]{Sentir sin Ver}</td>\n</tr>\n<tr>\n<td>15</td>\n<td>+5</td>\n<td>8d6</td>\n<td>@Compendium[dnd5e.classfeatures.V4pwFxlwHtNeB4w9]{Mente Escurridiza}</td>\n</tr>\n<tr>\n<td>16</td>\n<td>+5</td>\n<td>8d6</td>\n<td>@Compendium[dnd5e.classfeatures.v7MxFuTAgOsmxZCD]{Mejora de Característica}</td>\n</tr>\n<tr>\n<td>17</td>\n<td>+6</td>\n<td>9d6</td>\n<td>Rasgo de Arquetipo de Pícaro</td>\n</tr>\n<tr>\n<td>18</td>\n<td>+6</td>\n<td>9d6</td>\n<td>@Compendium[dnd5e.classfeatures.L7nJSRosos8sHJH9]{Elusivo}</td>\n</tr>\n<tr>\n<td>19</td>\n<td>+6</td>\n<td>10d6</td>\n<td>@Compendium[dnd5e.classfeatures.v7MxFuTAgOsmxZCD]{Mejora de Característica}</td>\n</tr>\n<tr>\n<td>20</td>\n<td>+6</td>\n<td>10d6</td>\n<td>@Compendium[dnd5e.classfeatures.rQhWDaMHMn7iU4f2]{Golpe de Suerte}</td>\n</tr>\n</tbody>\n</table>\n<h1>Arquetipo de Pícaro</h1>\n<p>Los pícaros tienen muchos rasgos en común entre ellos, como son su énfasis en perfeccionar sus habilidades, su precisa y mortífera forma de encarar el combate y sus cada vez más rápidos reflejos. No obstante, existen diferentes formas en las que un pícaro puede encaminar sus talentos. Cada una de ellas está encarnada por un arquetipo de pícaro. Tu elección de arquetipo es un reflejo de en qué aptitudes te especializas. No\nes necesariamente indicativo de qué profesión practicas, sino una descripción de tus técnicas favoritas.</p>\n<h2>Ladrón</h2>\n<p>Has decidido pulir aquellas habilidades útiles para el arte del latrocinio. Rateros, bandidos, carteristas y otros criminales tienden a seguir este arquetipo, pero también lo hacen aquellos pícaros que prefieren verse a sí mismo como buscadores de tesoros profesionales, exploradores, descubridores o investigadores. Además de mejorar tu agilidad y sigilo, también aprendes habilidades útiles para la exploración de ruinas antiguas, a leer idiomas con los que no estás familiarizado y a usar objetos mágicos que normalmente no podrías emplear.</p>\n<h3>Características del ladrón</h3>\n<p>3rd Level: @Compendium[dnd5e.classfeatures.ga3dt2zrCn2MHK8R]{Manos rápidas} @Compendium[dnd5e.classfeatures.FGrbXs6Ku5qxFK5G]{Balconero}</p>\n<p>9th Level: @Compendium[dnd5e.classfeatures.Ei1Oh4UAA2E30jcD]{Sigilo Supremo}</p>\n<p>13th Level: @Compendium[dnd5e.classfeatures.NqWyHE7Rpw9lyKWu]{Usar Objetos Mágicos}</p>\n<p>17th Level: @Compendium[dnd5e.classfeatures.LhRm1EeUMvp2EWhV]{Reflejos de Ladrón}</p>"
		},
		"Sorcerer": {
			"name": "Sorcerer",
			"description": "<p>Como hechicero, obtienes los siguientes rasgos de clase.</p>\n<h3>Puntos de Golpe</h3>\n<p><strong>Dados de Golpe:</strong> 1d6 por nivel de hechicero.<br><strong>Puntos de Golpe a nivel 1</strong> 6 + tu modificador por Constitución.<br><strong>Puntos de Golpe a niveles s uperiores:</strong> 1d6 (or 4) tu modificador por Constitución por cada nivel de hechicero por encima del primero.</p>\n<h3>Competencias</h3>\n<p><strong>Armadura:</strong> ninguna<br><strong>Armas:</strong> dagas, dardos, hondas, bastones y ballestas ligeras.<br><strong>Herramientas:</strong> ninguna<br><strong>Tiradas de s alvación::</strong> Constitución, Carisma.<br><strong>Habilidades:</strong> escoge dos de entre Conocimiento Arcano,\nEngaño, Intimidación, Perspicacia, Persuasión y Religión.</p>\n<h3>Equipo</h3>\n<p>Además del que obtengas por tu trasfondo, empiezas con el siguiente equipo:</p>\n<ul>\n<li>(a) una ballesta ligera y 20 virotes o (b) cualquier arma sencilla.</li>\n<li>(a) un saquito de componentes o (b) un canalizador arcano.</li>\n<li>(a) un paquete de explorador de mazmorras o (b) un paquete de explorador.</li>\n<li>Dos dagas.</li>\n</ul>\n<h1>El Hechicero</h1>\n<table>\n<thead>\n<tr>\n<td>Nivel</td>\n<td>Bon. por competencia</td>\n<td>Puntos de hechicería</td>\n<td>Rasgos</td>\n</tr>\n</thead>\n<tbody>\n<tr>\n<td>1</td>\n<td>+2</td>\n<td>̶</td>\n<td>@Compendium[dnd5e.classfeatures.oygRF3ZjTv2T7z0Y]{Lanzamiento de Conjuros}, @Compendium[dnd5e.classfeatures.cmRCL9T9UgRYOj1c]{Origen Mágico}</td>\n</tr>\n<tr>\n<td>2</td>\n<td>+2</td>\n<td>2</td>\n<td>@Compendium[dnd5e.classfeatures.LBKChJY5n02Afhnq]{Fuente de Magia}</td>\n</tr>\n<tr>\n<td>3</td>\n<td>+2</td>\n<td>3</td>\n<td>Espacio de conjuro de nivel 2, @Compendium[dnd5e.classfeatures.9Uh7uTDNZ04oTJsL]{Metamagia}</td>\n</tr>\n<tr>\n<td>4</td>\n<td>+2</td>\n<td>4</td>\n<td>@Compendium[dnd5e.classfeatures.s0Cc2zcX0JzIgam5]{Mejora de Característica}</td>\n</tr>\n<tr>\n<td>5</td>\n<td>+3</td>\n<td>5</td>\n<td>Espacio de conjuro de nivel 3</td>\n</tr>\n<tr>\n<td>6</td>\n<td>+3</td>\n<td>6</td>\n<td>Rasgo de Origen Mágico</td>\n</tr>\n<tr>\n<td>7</td>\n<td>+3</td>\n<td>7</td>\n<td>Espacio de conjuro de nivel 4</td>\n</tr>\n<tr>\n<td>8</td>\n<td>+3</td>\n<td>8</td>\n<td>@Compendium[dnd5e.classfeatures.s0Cc2zcX0JzIgam5]{Mejora de Característica}</td>\n</tr>\n<tr>\n<td>9</td>\n<td>+4</td>\n<td>9</td>\n<td>Espacio de conjuro de nivel 5</td>\n</tr>\n<tr>\n<td>10</td>\n<td>+4</td>\n<td>10</td>\n<td>@Compendium[dnd5e.classfeatures.9Uh7uTDNZ04oTJsL]{Metamagica}</td>\n</tr>\n<tr>\n<td>11</td>\n<td>+4</td>\n<td>11</td>\n<td>Espacio de conjuro de nivel 6</td>\n</tr>\n<tr>\n<td>12th</td>\n<td>+4</td>\n<td>12</td>\n<td>@Compendium[dnd5e.classfeatures.s0Cc2zcX0JzIgam5]{Mejora de Característica}</td>\n</tr>\n<tr>\n<td>13</td>\n<td>+5</td>\n<td>13</td>\n<td>Espacio de conjuro de nivel 7</td>\n</tr>\n<tr>\n<td>14</td>\n<td>+5</td>\n<td>14</td>\n<td>Rasgo de Origen Mágico</td>\n</tr>\n<tr>\n<td>15</td>\n<td>+5</td>\n<td>15</td>\n<td>Espacio de conjuro de nivel 8</td>\n</tr>\n<tr>\n<td>16</td>\n<td>+5</td>\n<td>16</td>\n<td>@Compendium[dnd5e.classfeatures.s0Cc2zcX0JzIgam5]{Mejora de Característica}</td>\n</tr>\n<tr>\n<td>17</td>\n<td>+6</td>\n<td>17</td>\n<td>Espacio de conjuro de nivel 9, @Compendium[dnd5e.classfeatures.9Uh7uTDNZ04oTJsL]{Metamagia}</td>\n</tr>\n<tr>\n<td>18</td>\n<td>+6</td>\n<td>18</td>\n<td>Rasgo de Origen Mágico</td>\n</tr>\n<tr>\n<td>19</td>\n<td>+6</td>\n<td>19</td>\n<td>@Compendium[dnd5e.classfeatures.s0Cc2zcX0JzIgam5]{Mejora de Característica}</td>\n</tr>\n<tr>\n<td>20</td>\n<td>+6</td>\n<td>20</td>\n<td>@Compendium[dnd5e.classfeatures.F2lEKSmOY0NUruzY]{Recuperación Mágica}</td>\n</tr>\n</tbody>\n</table>\n<h1>Origen mágico</h1>\n<p>Los hechiceros afirman tener diferentes orígenes para su magia innata, como un Línaje Dracónico.</p>\n<h2>Línaje Dracónico</h2>\n<p>Tu poder innato proviene de la magia dracónica, que fue mezclada con tu sangre o la de tus antepasados. La mayor parte de los hechiceros que poseen este origen pueden trazar su ascendencia hasta un poderoso hechicero de tiempos ancestrales, que cerró un trato con un dragón o incluso fuera el hijo de uno de estos seres. Algunos de estos linajes están bien asentados en el mundo, mientras que otros son desconocidos. Cualquier hechicero podría ser el primero de una nueva estirpe, como resultado de un pacto o cualquier otra circunstancia excepcional.</p>\n<h3>Rascgos del Línaje Dracónico</h3>\n<p>A nivel 1: @Compendium[dnd5e.classfeatures.EZsonMThTNLZq35j]{Ancestro de Dragón} @Compendium[dnd5e.classfeatures.MW1ExvBLm8Hg82aA]{Resistencia Dracónica}</p>\n<p>A nivel 6: @Compendium[dnd5e.classfeatures.x6eEZ9GUsuOcEa3G]{Afinida Elemental}</p>\n<p>A nivel 14: @Compendium[dnd5e.classfeatures.3647zjKSE9zFwOXc]{Alas de Dragón}</p>\n<p>A nivel 18: @Compendium[dnd5e.classfeatures.Gsha4bl0apxqspFy]{Presencia Dracónica}</p>"
		},
		"Warlock": {
			"name": "Warlock",
			"description": "<p>Como brujo, obtienes los siguientes rasgos de clase.</p>\n<h3>Puntos de Golpe</h3>\n<p><strong>Dados de Golpe:</strong> 1d8 por nivel de brujo.<br><strong>Puntos de Golpe a nivel 1:</strong> 8 + tu modificador por Constitución.<br><strong>Puntos de Golpe a niveles superiores:</strong> 1d8 (or 5) + tu modificador por Constitución por cada nivel de brujo por encima del primero.</p>\n<h3>Competencias</h3>\n<p><strong>Armadura:</strong> armaduras ligeras<br><strong>Armas:</strong> armas sencillas<br><strong>Herramientas:</strong> ninguna<br><strong>Tiradas de salvación:</strong> Sabiduría, Carisma.<br><strong>Habilidades:</strong> escoge dos de entre Conocimiento Arcano,\nEngaño, Historia, Intimidación, Investigación, Naturaleza\ny Religión.</p>\n<h3>Equipo</h3>\n<p>Además del que obtengas por tu trasfondo, empiezas con el siguiente equipo:</p>\n<ul>\n<li>(a) una ballesta ligera y 20 virotes o (b) cualquier arma sencilla.</li>\n<li>a) un saquito de componentes o (b) un canalizador arcano.</li>\n<li>(a) un paquete de erudito o (b) un paquete de explorador de mazmorras.</li>\n<li>Armadura de cuero, cualquier arma sencilla y dos dagas.</li>\n</ul>\n<h1>El Brujo</h1>\n<table border=\"0\" cellspacing=\"0\">\n<thead>\n<tr>\n<td>Nivel</td>\n<td>Bon. por competencia</td>\n<td>Rasgos</td>\n<td>Invocaciones conocidas</td>\n</tr>\n</thead>\n<tbody>\n<tr>\n<td>1</td>\n<td>+2</td>\n<td>@Compendium[dnd5e.classfeatures.jTXHaK0vvT5DV3uO]{Patrón Sobrenatural}, @Compendium[dnd5e.classfeatures.x6IJZwr6f0SGral7]{Magia del Pacto}</td>\n<td>̶</td>\n</tr>\n<tr>\n<td>2</td>\n<td>+2</td>\n<td>@Compendium[dnd5e.classfeatures.8MlxM2nEfE3Q0EVk]{Invocaciones Sobrenaturales}</td>\n<td>2</td>\n</tr>\n<tr>\n<td>3</td>\n<td>+2</td>\n<td>@Compendium[dnd5e.classfeatures.QwgfIpCN8VWfoUtX]{Beneficio del Pacto}</td>\n<td>2</td>\n</tr>\n<tr>\n<td>4</td>\n<td>+2</td>\n<td>@Compendium[dnd5e.classfeatures.s0Cc2zcX0JzIgam5]{Mejora de Característica}</td>\n<td>2</td>\n</tr>\n<tr>\n<td>5</td>\n<td>+3</td>\n<td>Espacio de conjuro de nivel 3, +1 Invocacion</td>\n<td>3</td>\n</tr>\n<tr>\n<td>6</td>\n<td>+3</td>\n<td>Rasgo de Patrón Sobrenatural</td>\n<td>3</td>\n</tr>\n<tr>\n<td>7</td>\n<td>+3</td>\n<td>Espacio de conjuro de nivel 4, +1 Invocacion</td>\n<td>4</td>\n</tr>\n<tr>\n<td>8</td>\n<td>+3</td>\n<td>@Compendium[dnd5e.classfeatures.s0Cc2zcX0JzIgam5]{Mejora de Característica}</td>\n<td>4</td>\n</tr>\n<tr>\n<td>9</td>\n<td>+4</td>\n<td>Espacio de conjuro de nivel 5, +1 Invocacion</td>\n<td>5</td>\n</tr>\n<tr>\n<td>10</td>\n<td>+4</td>\n<td>Rasgo de Patrón Sobrenatural</td>\n<td>5</td>\n</tr>\n<tr>\n<td>11</td>\n<td>+4</td>\n<td>@Compendium[dnd5e.classfeatures.zB77V8BcCJvWVxck]{Arcanum Místico (Conjuro de nivel 6)}</td>\n<td>5</td>\n</tr>\n<tr>\n<td>12</td>\n<td>+4</td>\n<td>@Compendium[dnd5e.classfeatures.s0Cc2zcX0JzIgam5]{Mejora de Característica},  +1 Invocacion</td>\n<td>6</td>\n</tr>\n<tr>\n<td>13</td>\n<td>+5</td>\n<td>@Compendium[dnd5e.classfeatures.HBn6FXLz7Eiudz0V]{Arcanum Místico (Conjuro de nivel 7)}</td>\n<td>6</td>\n</tr>\n<tr>\n<td>14</td>\n<td>+5</td>\n<td>Rasgo de Patrón Sobrenatural</td>\n<td>6</td>\n</tr>\n<tr>\n<td>15</td>\n<td>+5</td>\n<td>@Compendium[dnd5e.classfeatures.knDZR4l4QfLTKinm]{Arcanum Místico (Conjuro de nivel 8)}, +1 Invocation</td>\n<td>7</td>\n</tr>\n<tr>\n<td>16</td>\n<td>+5</td>\n<td>@Compendium[dnd5e.classfeatures.s0Cc2zcX0JzIgam5]{Mejora de Característica}</td>\n<td>7</td>\n</tr>\n<tr>\n<td>17</td>\n<td>+6</td>\n<td>@Compendium[dnd5e.classfeatures.vMxJQEKeK6WwZFaF]{Arcanum Místico (Conjuro de nivel 9)}</td>\n<td>7</td>\n</tr>\n<tr>\n<td>18</td>\n<td>+6</td>\n<td>+1 Invocacion</td>\n<td>8</td>\n</tr>\n<tr>\n<td>19</td>\n<td>+6</td>\n<td>@Compendium[dnd5e.classfeatures.s0Cc2zcX0JzIgam5]{Mejora de Característica}</td>\n<td>8</td>\n</tr>\n<tr>\n<td>20</td>\n<td>+6</td>\n<td>@Compendium[dnd5e.classfeatures.0C04rwyvoknvFYiy]{Maestro Sobrenatural}</td>\n<td>8</td>\n</tr>\n</tbody>\n</table>\n<hr>\n<h3>Tu Beneficio del Pacto</h3>\n<p>Cada opción de Beneficio del Pacto crea una criatura u objeto especial que refleja la naturaleza de tu patrón.</p>\n<p><em><strong>Pacto de la Cadena. </strong></em>Tu familiar es más astuto de lo normal. Su forma natural puede ser un reflejo de tu patrón. Los duendes y los diablillos y quasits con el Infernal. </p>\n<p><em><strong>Pacto del Filo. </strong></em>Si sirves al Infernal, tu arma podría tomar la forma de un hacha fabricada con metal negro y adornada con filigranas imitando llamas.</p>\n<p><em><strong>Pacto del Grimorio. </strong></em>Tu Libro de las Sombras podría ser un pesado tomo encuadernado en piel de demonio con remaches de hierro, que contuviera en su interior magia de conjuración y abundantes saberes prohibidos, relativos a las regiones más siniestras del cosmos, un obsequio del Infernal.</p>\n<hr>\n<h1>Patrones Sobrenaturales</h1>\n<p>Los seres que sirven de patrones a los brujos son poderosos habitantes de otros planos de existencia. No son dioses, pero su poder es prácticamente equivalente al de una deidad. Cada patrón da a sus brujos acceso a poderes e invocaciones diferentes y espera favores considerables a cambio.</p>\n<p>Algunos patrones coleccionan brujos, otorgando conocimientos místicos libremente y presumiendo de su capacidad para atar mortales a su voluntad. Otros solo conceden sus dones a regañadientes. Es pos ible que incluso elijan a un único brujo. Aquellos brujos que comparten patrón pueden ver al resto de siervos de su amo como a liados, hermanos o rivales.</p>\n<h2>El Infernal</h2>\n<p>Has cerrado un trato con un infernal de los Planos Inferiores; un ser de fines malvados, a los que incluso tú mismo podrías oponerte. Este tipo de seres desean la corrupción y destrucción de todas las cosas, lo que, en última instancia, también te incluye. Entre los infernales lo bastante importantes para forjar un pacto se encuentran señores demonio como Demogorgon, Orcus, Fraz'Urb-luu o Bafomet; archidiablos como Asmodeo, Dispater, Mefistófeles o Belial; diablos de la sima y balors especialmente poderosos; y ultroloths u otros señores de los yugoloths.</p>\n<h3>Rasgos del Infernal</h3>\n<p>Nivel 1l: @Compendium[dnd5e.classfeatures.4IHsIcBhAVDt8QjY]{Lista de Conjuros Ampliada} @Compendium[dnd5e.classfeatures.Jv0zu4BtUi8bFCqJ]{Bendición del Oscuro }</p>\n<p>Nivel 6: @Compendium[dnd5e.classfeatures.OQSb0bO1yDI4aiMx]{La Suerte del Oscuro}</p>\n<p>Nivel 10: @Compendium[dnd5e.classfeatures.9UZ2WjUF2k58CQug]{Resistencia Infernal}</p>\n<p>Nivel 14: @Compendium[dnd5e.classfeatures.aCUmlnHlUPHS0rdu]{Arrastrar por el Infierno}</p>"
		},
		"Wizard": {
			"name": "Wizard",
			"description": "<p>Como mago, obtienes los siguientes rasgos de clase.</p>\n<h3>Puntos de Golpe</h3>\n<p><strong>Dados de Golpe:</strong> 1d6 por nivel de mago.<br><strong>Puntos de Golpe a nivel 1:</strong> 6 + tu modificador por\nConstitución.<br><strong>Puntos de Golpe a niveles superiores:</strong> 1d6 (or 4) + tu modificador por Constitución por cada nivel de mago por encima del primero.</p>\n<h3>Competencias</h3>\n<p><strong>Armadura:</strong> ninguna.<br><strong>Armas:</strong> dagas, dardos, hondas, bastones y ballestas ligeras.<br><strong>Herramientas:</strong> ninguna<br><strong>Tiradas de salvación:</strong> Inteligencia, Sabiduría.<br><strong>Habilidades:</strong> escoge dos de entre Conocimiento Arcano, Historia, Investigación, Medicina, Perspicacia y Religión.</p>\n<h3>Equipo</h3>\n<p>Además del que obtengas por tu trasfondo, empiezas con el siguiente equipo:</p>\n<ul>\n<li>(a) un bastón o (b) una daga.</li>\n<li>(a) un saquito de componentes o (b) un canalizador arcano.</li>\n<li>(a) un paquete de erudito o (b) un paquete de explorador.</li>\n<li>Un libro de conjuros.</li>\n</ul>\n<h1>El Mago</h1>\n<table>\n<thead>\n<tr>\n<td>Nivel</td>\n<td>Bon. por competencia</td>\n<td>Rasgos</td>\n</tr>\n</thead>\n<tbody>\n<tr>\n<td>1</td>\n<td>+2</td>\n<td>@Compendium[dnd5e.classfeatures.gbNo5eVPaqr8IVKL]{Lanzamiento de Conjuros}, @Compendium[dnd5e.classfeatures.e0uTcFPpgxjIyUW9]{Recuperación Arcana}</td>\n</tr>\n<tr>\n<td>2</td>\n<td>+2</td>\n<td>@Compendium[dnd5e.classfeatures.AEWr9EMxy5gj4ZFT]{Tradición Arcana}</td>\n</tr>\n<tr>\n<td>3</td>\n<td>+2</td>\n<td>Espacio de conjuro de nivel 2 </td>\n</tr>\n<tr>\n<td>4</td>\n<td>+2</td>\n<td>@Compendium[dnd5e.classfeatures.s0Cc2zcX0JzIgam5]{Mejora de Característica}</td>\n</tr>\n<tr>\n<td>5</td>\n<td>+3</td>\n<td>Espacio de conjuro de nivel 3</td>\n</tr>\n<tr>\n<td>6</td>\n<td>+3</td>\n<td>Rasgo de Tradición Arcana</td>\n</tr>\n<tr>\n<td>7</td>\n<td>+3</td>\n<td>Espacio de conjuro de nivel 4</td>\n</tr>\n<tr>\n<td>8</td>\n<td>+3</td>\n<td>@Compendium[dnd5e.classfeatures.s0Cc2zcX0JzIgam5]{Mejora de Característica}</td>\n</tr>\n<tr>\n<td>9</td>\n<td>+4</td>\n<td>Espacio de conjuro de nivel 5</td>\n</tr>\n<tr>\n<td>10</td>\n<td>+4</td>\n<td>Rasgo de Tradición Arcana</td>\n</tr>\n<tr>\n<td>11</td>\n<td>+4</td>\n<td>Espacio de conjuro de nivel 6 </td>\n</tr>\n<tr>\n<td>12</td>\n<td>+4</td>\n<td>@Compendium[dnd5e.classfeatures.s0Cc2zcX0JzIgam5]{Mejora de Característica}</td>\n</tr>\n<tr>\n<td>13</td>\n<td>+5</td>\n<td>\nEspacio de conjuro de nivel 7</td>\n</tr>\n<tr>\n<td>14</td>\n<td>+5</td>\n<td>Rasgo de Tradición Arcana</td>\n</tr>\n<tr>\n<td>15</td>\n<td>+5</td>\n<td>Espacio de conjuro de nivel\n 8</td>\n</tr>\n<tr>\n<td>16th</td>\n<td>+5</td>\n<td>@Compendium[dnd5e.classfeatures.s0Cc2zcX0JzIgam5]{Mejora de Característica}</td>\n</tr>\n<tr>\n<td>17</td>\n<td>+6</td>\n<td>Espacio de conjuro de nivel 9 </td>\n</tr>\n<tr>\n<td>18</td>\n<td>+6</td>\n<td>@Compendium[dnd5e.classfeatures.JfFfHTeIszx1hNRx]{Maestría sobre Conjuros}</td>\n</tr>\n<tr>\n<td>19</td>\n<td>+6</td>\n<td>@Compendium[dnd5e.classfeatures.s0Cc2zcX0JzIgam5]{Mejora de Característica}</td>\n</tr>\n<tr>\n<td>20</td>\n<td>+6</td>\n<td>\n<p>@Compendium[dnd5e.classfeatures.nUrZDi6QN1YjwAr6]{Conjuro Característico (Primer Conjuro)}</p>\n<p>@Compendium[dnd5e.classfeatures.31bKbWe9ZGVLEns6]{Conjuro Característico (Segundo Conjuro)}</p>\n</td>\n</tr>\n</tbody>\n</table>\n<h3>Tu Libro de Conjuros</h3>\n<p>Los conjuros que añadas a tu libro de conjuros según vayas subiendo de nivel reflejarán tanto la investigación de lo arcano que\nllevas a cabo por tu cuenta como los hitos en tu comprensión de la naturaleza del multiverso. También podrías encontrar otros conjuros durante tus aventuras: en un pergamino dentro del cofre de un mago malvado o entre las páginas de un polvoriento volumen en una antigua biblioteca, por poner dos ejemplos.</p>\n<p><em><strong>Copiar un conjuro en tu libro.</strong></em> Cuando localices un conjuro de mago de nivel 1 o superiores, podrás añadirlo a tu libro de conjuros si es de un nivel que puedas preparar y dispones del tiempo suficiente como para poder descifrarlo y copiarlo.</p>\n<p>Para copiar el conjuro es necesario no solo reproducir la forma básica del mismo, sino también descifrar la notación única empleada por el mago que lo puso por escrito. Debes practicar el conjuro hasta que entiendas los sonidos y gestos necesarios para lanzarlo. Solo entonces podrás transcribirlo a tu propio libro de conjuros utilizando tu propia notación.</p>\n<p>El proceso exige 2 horas y 50 po por cada nivel del conjuro. Este coste representa los componentes materiales que gastas al experimentar con el conjuro hasta dominarlo, así como las valiosas tintas que empleas para registrarlo. Una vez hayas invertido el tiempo y el dinero, podrás preparar el conjuro exactamente igual que cualquier otro.</p>\n<p><em><strong>Reemplazar el libro.</strong></em> YPuedes copiar un conjuro desde tu libro a cualquier otro. Algo útil para, por ejemplo, crear una copia de seguridad de tu libro de conjuros. Este proceso es exactamente el mismo que cuando copias un conjuro a tu libro, pero más rápido y\nfácil, ya que entiendes tu propia notación y ya sabes cómo lanzarlo. Solo necesitas invertir 1 hora y 10 po por cada nivel del conjuro copiado.</p>\n<p>Si perdieras tu libro de conjuros, podrías recurrir al mismo procedimiento para transcribir los conjuros que tengas preparados en este momento a un nuevo libro. Por desgracia, para poder añadir los conjuros restantes (que ya estuvieran en el libro perdido, pero no tuvieras preparados) tendrás que encontrarlos primero, siguiendo el procedimiento detallado anteriormente. Precisamente por esto es bastante habitual que los magos conserven una copia de sus libros de conjuros en un lugar seguro.</p>\n<p><em><strong>Apariencia del libro.</strong></em> Y Tu libro es una combinación única de conjuros, escrito con las florituras típicas de tu escritura y tus notas personales al margen. Puede tratarse tanto de un manuscrito sencillo con tapas de cuero, que recibiste de tu maestro como regalo, como de un grueso volumen cuidadosamente encuadernado y con los cantos cubiertos con pan de oro. Podría incluso consistir en un amasijo de notas desordenadas, que a duras penas pudiste reunir tras sufrir un percance que te llevó a perder tu anterior libro de conjuros.</p>\n<h1>Tradiciónes Arcanas</h1>\n<p>El estudio de la magia es antiguo y se remonta a los primeros descubrimientos mortales de la magia. Está firmemente establecida en los mundos de juegos de fantasía, con varias tradiciones dedicadas a su complejo estudio.</p>\n<p>Las tradiciones arcanas más comunes del multiverso se estructuran en torno a las escuelas de magia. A lo largo de los años los magos han catalogado miles de conjuros, agrupándolos en ocho categorías denominadas escuelas, tal y como se describe en el capítulo 10. En algunos lugares estas tradiciones son literalmente escuelas: un mago podría encontrarse bajo la tutela de la Escuela de Ilusionismo, mientras que otro podría estudiar en la Escuela de Encantamiento, al otro lado de la ciudad. En otras instituciones, las escuelas funcionan de forma similar a departamentos académicos, con facultades rivales que compiten por conseguir estudiantes y financiación. Incluso los magos que instruyen a\nsus aprendices en la soledad de sus propias torres recurren a esta taxonomía mágica en forma de escuelas para facilitar el aprendizaje, pues los conjuros de cada escuela exigen el dominio de técnicas diferentes.</p>\n<h2>Escuela de Evocación</h2>\n<p>Haces hincapié en el estudio de la magia capaz de crear poderosos efectos elementales, como un frío penetrante, llamas abrasadoras, ácidos corrosivos, truenos reverberantes o violentos relámpagos. Algunos evocadores encuentran empleo en las fuerzas armadas, sirviendo en regimientos de artillería, destrozando a sus enemigos desde la distancia. Otros emplean sus espectaculares poderes para proteger a los débiles, y los hay\nque incluso buscan su propio beneficio, viviendo como bandidos, aventureros o aspirantes a tirano.</p>\n<h3>Rasgos de la Escuela de Evocación</h3>\n<p>Nivel 2: @Compendium[dnd5e.classfeatures.7uzJ2JkmsdRGLra3]{Experto en Evocación} @Compendium[dnd5e.classfeatures.6VBXkjjBgjSpNElh]{Esculpir Conjuros}</p>\n<p>6th Level: @Compendium[dnd5e.classfeatures.evEWCpE5MYgr5RRW]{Truco Potente}</p>\n<p>10th Level: @Compendium[dnd5e.classfeatures.7O85kj6uDEG5NzUE]{Evocación Potenciada}</p>\n<p>14th Level: @Compendium[dnd5e.classfeatures.VUtSLeCzFubGXmGx]{Sobrecanalizar}</p>"
		}
	}
}