{
	"label": "Héroes de inicio",
	"entries": {
		"Akra (Dragonborn Cleric)": {
			"name": "Akra (clérigo dracónido)",
			"description": "<p>Fiel a su deidad y a las costumbres de su sociedad, Akra se siente un poco fuera de lugar al aventurarse por tierras desconocidas. Sin embargo, se siente en la obligación de hacer todo lo que esté en su mano para llevar la paz a la región.</p>\n<blockquote>Arte del actor proporcionado por <a href=\"https://www.forgotten-adventures.net/\" target=\"_blank\" rel=\"noopener\">Forgotten Adventures</a></blockquote>"
		},
		"Aoth (Human Druid)": {
			"name": "Aoth (druida humano)",
			"description": "<p>Aoth vivió entre animales durante tanto tiempo que ahora le resulta difícil hablar en común. Su hábitat natural corre peligro, por lo que decidió unirse a un grupo de aventureros para devolver el equilibrio a su tierra.</p>\n<blockquote>Arte del actor proporcionado por <a href=\"https://www.forgotten-adventures.net/\" target=\"_blank\" rel=\"noopener\">Forgotten Adventures</a></blockquote>"
		},
		"Beiro (Half-Elf Bard)": {
			"name": "Beiro (bardo semielfo)",
			"description": "<p>Beiro era un famoso artista en su taberna local, hasta que un día se quedó sin historias que contar. Para solucionarlo, se propuso fabricar sus propias historias, y así poder volver a contarlas algún día en su taberna.</p>\n<blockquote>Arte del actor proporcionado por <a href=\"https://www.forgotten-adventures.net/\" target=\"_blank\" rel=\"noopener\">Forgotten Adventures</a></blockquote>"
		},
		"Krusk (Half-Orc Paladin)": {
			"name": "Krusk (paladín semiorco)",
			"description": "<p>Al recorrer la región impartiendo justicia a todos, Krusk sólo tiene un objetivo: la destrucción del mal dondequiera que se encuentre.</p>\n<blockquote>Arte del actor proporcionado por <a href=\"https://www.forgotten-adventures.net/\" target=\"_blank\" rel=\"noopener\">Forgotten Adventures</a></blockquote>"
		},
		"Merric (Halfling Barbarian)": {
			"name": "Merric (bárbaro mediano)",
			"description": "<p>Merric fue en su día un justiciero, gracias a su sentido innato de la justicia callejera. Aunque su pequeño tamaño no parezca gran cosa en combate, lo compensa con creces con sus violentos arrebatos de ira.</p>\n<blockquote>Arte del actor proporcionado por <a href=\"https://www.forgotten-adventures.net/\" target=\"_blank\" rel=\"noopener\">Forgotten Adventures</a></blockquote>"
		},
		"Morthos (Tiefling Sorcerer)": {
			"name": "Morthos (hechicera tiefling)",
			"description": "<p>La investigación de Morthos sobre su compleja ascendencia dracónica-infernal la llevó a una vida académica, pero pronto se hizo evidente que los necios al mando le ocultaban muchos secretos.</p>\n<blockquote>Arte del actor proporcionado por <a href=\"https://www.forgotten-adventures.net/\" target=\"_blank\" rel=\"noopener\">Forgotten Adventures</a></blockquote>"
		},
		"Perrin (Halfling Monk)": {
			"name": "Perrin (monje mediano)",
			"description": "<p>Como devoto estudiante de su monasterio local, a Perrin se le ha encomendado la tarea de traer el equilibrio a las tierras cercanas.</p>\n<blockquote><p>Arte del actor proporcionado por <a href=\"https://www.forgotten-adventures.net/\" target=\"_blank\" rel=\"noopener\">Forgotten Adventures</a></p></blockquote>"
		},
		"Quillathe (Elf Ranger)": {
			"name": "Quillathe (explorador elfo)",
			"description": "<p>Quillathe elimina los monstruos de sus bosques como pasatiempo, pero ahora una nueva fuerza amenaza su tierra y debe unirse a los aventureros para derrotarla.</p>\n<blockquote>Arte del actor proporcionado por <a href=\"https://www.forgotten-adventures.net/\" target=\"_blank\" rel=\"noopener\">Forgotten Adventures</a></blockquote>"
		},
		"Randal (Human Fighter)": {
			"name": "Randal (guerrero humano)",
			"description": "<p>Randal se abrió paso entre los miembros de la guardia de su ciudad natal, pero al final se cansó de la vida en la ciudad y se marchó en busca de aventuras.</p>\n<blockquote>Arte del actor proporcionado por <a href=\"https://www.forgotten-adventures.net/\" target=\"_blank\" rel=\"noopener\">Forgotten Adventures</a></blockquote>"
		},
		"Riswynn (Dwarf Rogue)": {
			"name": "Riswynn (pícara enana)",
			"description": "<p>En su día, fue una respetada burócrata en los salones enanos, pero Riswynn se dedicó a la intriga, se hizo con algunos trucos y se metió en problemas con algunos nobles. Busca hacerse un nombre y recuperar su estatus social.</p>\n<blockquote>Arte del actor proporcionado por <a href=\"https://www.forgotten-adventures.net/\" target=\"_blank\" rel=\"noopener\">Forgotten Adventures</a></blockquote>"
		},
		"Sefris (Half-Elf Warlock)": {
			"name": "Sefris (brujo semielfo)",
			"description": "<p>El robo de carteras de Sefris cuando era niño se convirtió en pequeños hurtos y, finalmente, en complejos atracos, utilizando el oscuro vínculo con su demonio para ayudarse en sus operaciones. Trabaja para cualquiera que le ofrezca algo de dinero.</p>\n<blockquote>Arte del actor proporcionado por <a href=\"https://www.forgotten-adventures.net/\" target=\"_blank\" rel=\"noopener\">Forgotten Adventures</a></blockquote>"
		},
		"Zanna (Gnome Wizard)": {
			"name": "Zanna (maga gnoma)",
			"description": "<p>Siempre interesada en trastear, Zanna se lanzó a la aventura con el fin de encontrar más conjuros para su libro de conjuros, y puede que algún día crear los suyos propios.</p>\n<blockquote>Arte del actor proporcionado por <a href=\"https://www.forgotten-adventures.net/\" target=\"_blank\" rel=\"noopener\">Forgotten Adventures</a></blockquote>"
		}
	}
}