{
  "$schema": "http://json-schema.org/draft-07/schema#",
  "$id": "schema.json",
  "title": "JSON Schema for D&D 5e",
  "description": "Standardized Dungeons & Dragons JSON Schemas",
  "$comment": "package version 0.1.3",
  "definitions": {
    "Character": {
      "$id": "Character.schema.json",
      "title": "D&D 5e Character",
      "description": "JSON Schema for D&D 5e Character data. Extends Creature.schema.json<br>Samples may be found on [GitHub](https://github.com/BrianWendt/dnd5e_json_schema/tree/master/samples/Character)",
      "$comment": "version 0.1.1",
      "type": "object",
      "allOf": [
        {
          "$ref": "Creature.schema.json"
        }
      ],
      "required": [
        "player",
        "race"
      ],
      "properties": {
        "nickname": {
          "type": "string"
        },
        "player": {
          "type": "object",
          "required": [
            "name"
          ],
          "properties": {
            "name": {
              "type": "string",
              "default": "NPC"
            },
            "id": {
              "type": "string",
              "description": "Wizards' DCI or other identifier."
            }
          }
        },
        "xp": {
          "type": "integer",
          "minimum": 0,
          "default": 0
        },
        "race": {
          "$ref": "Race.schema.json"
        },
        "classes": {
          "type": "array",
          "items": {
            "$ref": "Class.schema.json"
          }
        },
        "background": {
          "type": "object",
          "required": [
            "name"
          ],
          "properties": {
            "name": {
              "type": "string"
            },
            "option": {
              "type": "string"
            },
            "description": {
              "type": "string",
              "input": "textarea"
            },
            "source": {
              "$ref": "source.schema.json"
            }
          }
        },
        "details": {
          "type": "object",
          "properties": {
            "age": {
              "type": "integer",
              "minimum": 0
            },
            "eyes": {
              "type": "string"
            },
            "hair": {
              "type": "string"
            },
            "skin": {
              "type": "string"
            },
            "weight": {
              "type": "integer",
              "minimum": 0
            },
            "height": {
              "type": "string"
            },
            "personality": {
              "type": "string"
            },
            "ideal": {
              "type": "string"
            },
            "bond": {
              "type": "string"
            },
            "flaw": {
              "type": "string"
            },
            "backstory": {
              "type": "string",
              "input": "textarea"
            },
            "physical": {
              "type": "string"
            }
          }
        },
        "weapon_proficiencies": {
          "type": "array",
          "items": {
            "type": "string",
            "examples": [
              "Simple Weapons",
              "Martial Weapons"
            ]
          }
        },
        "armor_proficiencies": {
          "type": "array",
          "items": {
            "type": "string",
            "examples": [
              "Light Armor",
              "Medium Armor",
              "Heavy Armor",
              "Shields"
            ]
          }
        },
        "tool_proficiencies": {
          "type": "array",
          "items": {
            "type": "string",
            "examples": [
              "Artisan's Tools",
              "Disguise Kit"
            ]
          }
        },
        "feats": {
          "type": "array",
          "items": {
            "$ref": "feat.schema.json"
          }
        },
        "spells": {
          "type": "array",
          "items": {
            "$ref": "Spell.schema.json"
          }
        },
        "weapons": {
          "type": "array",
          "items": {
            "$ref": "weapon.schema.json"
          }
        },
        "equipment": {
          "type": "array",
          "items": {
            "$ref": "equipment.schema.json"
          }
        },
        "treasure": {
          "type": "object",
          "properties": {
            "pp": {
              "type": "number",
              "default": 0,
              "description": "Platimum"
            },
            "ep": {
              "type": "number",
              "default": 0,
              "description": "Electrum"
            },
            "gp": {
              "type": "number",
              "default": 0,
              "description": "Gold"
            },
            "sp": {
              "type": "number",
              "default": 0,
              "description": "Silver"
            },
            "cp": {
              "type": "number",
              "default": 0,
              "description": "Copper"
            }
          }
        }
      }
    },
    "Class": {
      "$id": "Class.schema.json",
      "title": "D&D 5e Class",
      "description": "JSON Schema for D&D 5e Character Class.",
      "$comment": "version 0.1.1",
      "type": "object",
      "required": [
        "name",
        "level"
      ],
      "properties": {
        "name": {
          "type": "string"
        },
        "level": {
          "type": "integer",
          "minimum": 1
        },
        "subtype": {
          "type": "string"
        },
        "hit_die": {
          "type": "integer",
          "enum": [
            1,
            2,
            4,
            6,
            8,
            10,
            12,
            20
          ]
        },
        "spellcasting": {
          "type": "string",
          "default": "",
          "enum": [
            "",
            "str",
            "dex",
            "con",
            "int",
            "wis",
            "cha"
          ]
        },
        "features": {
          "type": "array",
          "items": {
            "$ref": "feature.schema.json"
          }
        },
        "source": {
          "$ref": "source.schema.json"
        }
      }
    },
    "Creature": {
      "$id": "Creature.schema.json",
      "title": "D&D 5e Creature",
      "description": "JSON Schema for D&D 5e Creature data. Some data, such as ability score modifiers, are not included because they are extrapolated.<br/>Samples may be found on [GitHub](https://github.com/BrianWendt/dnd5e_json_schema/tree/master/samples/Monster/)",
      "$comment": "version 0.1.1",
      "type": "object",
      "required": [
        "name",
        "speed",
        "hit_points",
        "ability_scores",
        "armor_class"
      ],
      "properties": {
        "name": {
          "type": "string"
        },
        "alignment": {
          "type": "string"
        },
        "speed": {
          "type": "object",
          "description": "Speed in feet",
          "properties": {
            "Walk": {
              "type": "integer",
              "default": 0
            },
            "Burrow": {
              "type": [
                "integer",
                "boolean"
              ],
              "default": "false"
            },
            "Climb": {
              "type": [
                "integer",
                "boolean"
              ],
              "default": 0
            },
            "Fly": {
              "type": [
                "integer",
                "boolean"
              ],
              "default": "false"
            },
            "Hover": {
              "type": "boolean",
              "default": "false"
            },
            "Swim": {
              "type": [
                "integer",
                "boolean"
              ],
              "default": 0
            }
          }
        },
        "hit_points": {
          "type": "object",
          "properties": {
            "max": {
              "type": "integer",
              "default": 0
            },
            "current": {
              "type": "integer"
            },
            "temporary": {
              "type": "integer"
            },
            "dice": {
              "type": "array",
              "items": {
                "$ref": "dice.schema.json"
              }
            },
            "description": {
              "type": "string"
            }
          }
        },
        "inspiration": {
          "type": "string"
        },
        "skills": {
          "type": "object",
          "additionalProperties": false,
          "properties": {
            "Athletics": {
              "type": [
                "boolean",
                "integer"
              ],
              "default": "false"
            },
            "Acrobatics": {
              "type": [
                "boolean",
                "integer"
              ],
              "default": "false"
            },
            "SleightOfHand": {
              "type": [
                "boolean",
                "integer"
              ],
              "default": "false"
            },
            "Stealth": {
              "type": [
                "boolean",
                "integer"
              ],
              "default": "false"
            },
            "Arcana": {
              "type": [
                "boolean",
                "integer"
              ],
              "default": "false"
            },
            "History": {
              "type": [
                "boolean",
                "integer"
              ],
              "default": "false"
            },
            "Investigation": {
              "type": [
                "boolean",
                "integer"
              ],
              "default": "false"
            },
            "Nature": {
              "type": [
                "boolean",
                "integer"
              ],
              "default": "false"
            },
            "Religion": {
              "type": [
                "boolean",
                "integer"
              ],
              "default": "false"
            },
            "AnimalHandling": {
              "type": [
                "boolean",
                "integer"
              ],
              "default": "false"
            },
            "Insight": {
              "type": [
                "boolean",
                "integer"
              ],
              "default": "false"
            },
            "Medicine": {
              "type": [
                "boolean",
                "integer"
              ],
              "default": "false"
            },
            "Perception": {
              "type": [
                "boolean",
                "integer"
              ],
              "default": "false"
            },
            "Survival": {
              "type": [
                "boolean",
                "integer"
              ],
              "default": "false"
            },
            "Deception": {
              "type": [
                "boolean",
                "integer"
              ],
              "default": "false"
            },
            "Intimidation": {
              "type": [
                "boolean",
                "integer"
              ],
              "default": "false"
            },
            "Performance": {
              "type": [
                "boolean",
                "integer"
              ],
              "default": "false"
            },
            "Persuasion": {
              "type": [
                "boolean",
                "integer"
              ],
              "default": "false"
            }
          }
        },
        "languages": {
          "type": "array",
          "items": {
            "type": "string",
            "examples": [
              "Common",
              "Abyssal",
              "Draconic",
              "Dwarvish",
              "Elven"
            ]
          }
        },
        "ability_scores": {
          "type": "object",
          "required": [
            "str",
            "dex",
            "con",
            "int",
            "wis",
            "cha"
          ],
          "properties": {
            "str": {
              "type": "integer",
              "default": 10,
              "minimum": 0,
              "description": "Strength"
            },
            "dex": {
              "type": "integer",
              "default": 10,
              "minimum": 0,
              "description": "Dexterty"
            },
            "con": {
              "type": "integer",
              "default": 10,
              "minimum": 0,
              "description": "Constitution"
            },
            "int": {
              "type": "integer",
              "default": 10,
              "minimum": 0,
              "description": "Intelligence"
            },
            "wis": {
              "type": "integer",
              "default": 10,
              "minimum": 0,
              "description": "Wisdom"
            },
            "cha": {
              "type": "integer",
              "default": 10,
              "minimum": 0,
              "description": "Charisma"
            }
          }
        },
        "saving_throws": {
          "type": "object",
          "properties": {
            "str": {
              "type": [
                "boolean",
                "integer"
              ],
              "default": "false"
            },
            "dex": {
              "type": [
                "boolean",
                "integer"
              ],
              "default": "false"
            },
            "con": {
              "type": [
                "boolean",
                "integer"
              ],
              "default": "false"
            },
            "int": {
              "type": [
                "boolean",
                "integer"
              ],
              "default": "false"
            },
            "wis": {
              "type": [
                "boolean",
                "integer"
              ],
              "default": "false"
            },
            "cha": {
              "type": [
                "boolean",
                "integer"
              ],
              "default": "false"
            }
          }
        },
        "senses": {
          "$ref": "senses.schema.json"
        },
        "description": {
          "type": "string",
          "input": "textarea"
        },
        "armor_class": {
          "type": "object",
          "properties": {
            "value": {
              "type": "integer",
              "minimum": 0,
              "default": 10
            },
            "description": {
              "type": "string",
              "default": "Unarmored"
            }
          }
        },
        "shield": {
          "type": "boolean",
          "default": "false",
          "description": "Toggle if shield is being used."
        },
        "condtions": {
          "type": "object",
          "properties": {
            "Blinded": {
              "type": "boolean",
              "default": "false"
            },
            "Charmed": {
              "type": "boolean",
              "default": "false"
            },
            "Deafened": {
              "type": "boolean",
              "default": "false"
            },
            "Exhaustion": {
              "type": "boolean",
              "default": "false"
            },
            "Frightened": {
              "type": "boolean",
              "default": "false"
            },
            "Grappled": {
              "type": "boolean",
              "default": "false"
            },
            "Incapacitated": {
              "type": "boolean",
              "default": "false"
            },
            "Invisible": {
              "type": "boolean",
              "default": "false"
            },
            "Necrotic": {
              "type": "boolean",
              "default": "false"
            },
            "Paralyzed": {
              "type": "boolean",
              "default": "false"
            },
            "Petrified": {
              "type": "boolean",
              "default": "false"
            },
            "Poisoned": {
              "type": "boolean",
              "default": "false"
            },
            "Prone": {
              "type": "boolean",
              "default": "false"
            },
            "Restrained": {
              "type": "boolean",
              "default": "false"
            },
            "Stunned": {
              "type": "boolean",
              "default": "false"
            },
            "Unconscious": {
              "type": "boolean",
              "default": "false"
            }
          }
        },
        "condition_immunities": {
          "type": "array",
          "items": {
            "$ref": "conditions.schema.json"
          }
        },
        "damage_immunities": {
          "type": "array",
          "items": {
            "$ref": "damage_type.schema.json"
          }
        },
        "damage_resistances": {
          "type": "array",
          "items": {
            "$ref": "damage_type.schema.json"
          }
        },
        "damage_vulnerabilities": {
          "type": "array",
          "items": {
            "$ref": "damage_type.schema.json"
          }
        },
        "image": {
          "$ref": "image.schema.json"
        },
        "source": {
          "$ref": "source.schema.json"
        }
      }
    },
    "Monster": {
      "$id": "Monster.schema.json",
      "title": "JSON Schema for D&D 5e Monster.",
      "description": "This schema describes a Monster. Extends Creature.schema.json",
      "$comment": "version 0.1.1",
      "type": "object",
      "allOf": [
        {
          "$ref": "Creature.schema.json"
        }
      ],
      "required": [
        "size",
        "type",
        "subtype"
      ],
      "properties": {
        "size": {
          "type": "string",
          "input": "dropdown",
          "enum": [
            "Tiny",
            "Small",
            "Medium",
            "Large",
            "Huge",
            "Gargantuan"
          ]
        },
        "challenge_rating": {
          "type": "number",
          "examples": [
            0.125,
            0.25,
            0.5,
            1,
            2
          ]
        },
        "type": {
          "type": "string",
          "input": "dropdown",
          "enum": [
            "Aberration",
            "Beast",
            "Celestial",
            "Construct",
            "Dragon",
            "Elemental",
            "Fey",
            "Fiend",
            "Giant",
            "Humanoid",
            "Monstrosity",
            "Ooze",
            "Plant",
            "Undead",
            "Swarm of Tiny beasts"
          ]
        },
        "subtype": {
          "type": "string",
          "default": "Any Race",
          "examples": [
            "Goblinoid"
          ]
        },
        "traits": {
          "type": "array",
          "items": {
            "$ref": "feature.schema.json",
            "description": "Creatures may have special traits.",
            "examples": [
              "Spellcasting"
            ]
          }
        },
        "actions": {
          "type": "array",
          "items": {
            "$ref": "action.schema.json"
          }
        },
        "tags": {
          "$ref": "tag.schema.json"
        }
      }
    },
    "Race": {
      "$id": "Race.schema.json",
      "title": "D&D 5e Race",
      "description": "JSON Schema for D&D 5e Creature Race.",
      "$comment": "version 0.1.1",
      "type": "object",
      "required": [
        "name"
      ],
      "properties": {
        "name": {
          "type": "string",
          "examples": [
            "Dragonborn"
          ]
        },
        "subtype": {
          "type": "string",
          "examples": [
            "Silver"
          ]
        },
        "size": {
          "type": "string",
          "default": "Medium",
          "enum": [
            "Tiny",
            "Small",
            "Medium",
            "Large",
            "Huge",
            "Gargantuan"
          ]
        },
        "traits": {
          "type": "array",
          "items": {
            "$ref": "feature.schema.json",
            "examples": [
              "Amphibious"
            ]
          }
        },
        "actions": {
          "type": "array",
          "description": "Special actions gained by race/race-subtype.",
          "items": {
            "$ref": "action.schema.json"
          }
        },
        "senses": {
          "$ref": "senses.schema.json"
        },
        "source": {
          "$ref": "source.schema.json"
        }
      }
    },
    "Spell": {
      "$id": "Spell.schema.json",
      "description": "This schema describes a 5e spell. <br/>Samples may be found at https://github.com/BrianWendt/dnd5e_json_schema/tree/master/samples/Spell/",
      "$comment": "version 0.1.1",
      "type": "object",
      "required": [
        "name",
        "description",
        "level",
        "casting_time",
        "range_area",
        "components",
        "duration"
      ],
      "properties": {
        "name": {
          "type": "string",
          "examples": [
            "Acid Splash"
          ]
        },
        "description": {
          "type": "string",
          "input": "textarea"
        },
        "higher_level": {
          "type": "string",
          "input": "textarea"
        },
        "level": {
          "type": "string",
          "examples": [
            "Cantrip",
            "1",
            "2",
            "3",
            "4"
          ]
        },
        "casting_time": {
          "type": "string",
          "default": "1 Action"
        },
        "range_area": {
          "type": "string",
          "examples": [
            "60ft",
            "Self"
          ]
        },
        "components": {
          "type": "array",
          "items": {
            "type": "string",
            "enum": [
              "V",
              "S",
              "M",
              "F",
              "DF",
              "XP"
            ]
          }
        },
        "material": {
          "type": "string"
        },
        "ritual": {
          "type": "boolean",
          "default": "false"
        },
        "concentration": {
          "type": "boolean",
          "default": "false"
        },
        "duration": {
          "type": "string",
          "examples": [
            "Instantaneous"
          ]
        },
        "school": {
          "type": "string",
          "examples": [
            "Conjuring"
          ]
        },
        "attack_save": {
          "type": "string",
          "examples": [
            "DEX Save",
            "Ranged"
          ]
        },
        "damage_effect": {
          "type": "string",
          "examples": [
            "Acid"
          ]
        },
        "tags": {
          "$ref": "tag.schema.json",
          "examples": [
            "Bard",
            "Wizard",
            "Warlock"
          ]
        },
        "source": {
          "$ref": "source.schema.json"
        }
      }
    },
    "action": {
      "$id": "action.schema.json",
      "title": "JSON Schema for D&D 5e Creature action.",
      "description": "This schema describes an action the creature/character may use.",
      "$comment": "version 0.1.1",
      "type": "object",
      "required": [
        "name",
        "description"
      ],
      "properties": {
        "name": {
          "type": "string"
        },
        "description": {
          "type": "string",
          "input": "textarea"
        },
        "attack_bonus": {
          "type": "integer",
          "default": 0
        },
        "damage_dice": {
          "$ref": "dice.schema.json"
        },
        "damage_bonus": {
          "type": "integer",
          "default": 0
        },
        "legendary": {
          "type": "boolean",
          "default": "false"
        },
        "reaction": {
          "type": "boolean",
          "default": "false"
        },
        "source": {
          "$ref": "source.schema.json"
        }
      }
    },
    "damage_type": {
      "$id": "damage_type.schema.json",
      "title": "JSON Schema for D&D 5e Damage Type.",
      "description": "This schema describes a string value of a Damage Type.",
      "$comment": "version 0.1.1",
      "type": "string",
      "default": "none",
      "examples": [
        "none",
        "Piercing",
        "Slashing",
        "Bludgeoning",
        "Acid",
        "Cold",
        "Fire",
        "Force",
        "Lightning",
        "Necrotic",
        "Poison",
        "Psychic",
        "Radiant",
        "Thunder"
      ]
    },
    "dice": {
      "$id": "dice.schema.json",
      "title": "JSON Schema for dice.",
      "description": "This schema describes a the dice, by number of sides, used in D&D.",
      "$comment": "version 0.1.1",
      "type": "object",
      "properties": {
        "sides": {
          "type": "integer",
          "default": 4,
          "$comment": "d1 is included for rolls that auto = 1.",
          "enum": [
            1,
            4,
            6,
            8,
            10,
            12,
            20,
            100
          ]
        },
        "count": {
          "type": "integer",
          "default": 1,
          "minimum": 1,
          "maximum": 60
        },
        "mod": {
          "type": "integer",
          "default": 0
        }
      }
    },
    "conditions": {
      "$id": "conditions.schema.json",
      "title": "JSON Schema for D&D 5e conditions.",
      "description": "This schema describes a list of conditions.",
      "$comment": "version 0.1.1",
      "type": "string",
      "enum": [
        "Blinded",
        "Charmed",
        "Deafened",
        "Exhaustion",
        "Frightened",
        "Grappled",
        "Incapacitated",
        "Invisible",
        "Necrotic",
        "Paralyzed",
        "Petrified",
        "Poisoned",
        "Prone",
        "Restrained",
        "Stunned",
        "Unconscious"
      ]
    },
    "equipment": {
      "$id": "equipment.schema.json",
      "title": "JSON Schema for D&D 5e equiment.",
      "description": "This schema describes an equipment item. The schema extends item.schema.json",
      "$comment": "version 0.1.1",
      "type": "object",
      "allOf": [
        {
          "$ref": "item.schema.json"
        }
      ],
      "required": [],
      "properties": {
        "quantity": {
          "type": "integer",
          "default": 0
        }
      }
    },
    "feat": {
      "$id": "feat.schema.json",
      "title": "JSON Schema for D&D 5e feat.",
      "description": "This schema describes a character feat.",
      "$comment": "version 0.1.1",
      "type": "object",
      "required": [
        "name"
      ],
      "properties": {
        "name": {
          "type": "string"
        },
        "description": {
          "type": "string",
          "input": "textarea"
        },
        "source": {
          "$ref": "source.schema.json"
        }
      }
    },
    "feature": {
      "$id": "feature.schema.json",
      "title": "JSON Schema for D&D 5e feature.",
      "description": "This schema describes a character feature.",
      "$comment": "version 0.1.1",
      "type": "object",
      "required": [
        "name"
      ],
      "properties": {
        "name": {
          "type": "string"
        },
        "description": {
          "type": "string",
          "input": "textarea"
        },
        "source": {
          "$ref": "source.schema.json"
        }
      }
    },
    "image": {
      "$id": "image.schema.json",
      "title": "JSON Schema for images.",
      "description": "This schema describes an image asset.",
      "$comment": "version 0.1.1",
      "type": "object",
      "required": [
        "src",
        "alt"
      ],
      "properties": {
        "uri": {
          "type": "string",
          "format": "uri"
        },
        "alt": {
          "type": "string",
          "description": "The text to display if image cannot load. `alt` should describe the image generally."
        },
        "caption": {
          "type": "string",
          "description": "The text to display below the image."
        },
        "source": {
          "$ref": "source.schema.json"
        }
      }
    },
    "item": {
      "$id": "item.schema.json",
      "title": "JSON Schema for D&D 5e physical item.",
      "description": "This schema describes physical item.",
      "$comment": "version 0.1.1",
      "type": "object",
      "required": [
        "name"
      ],
      "properties": {
        "name": {
          "type": "string"
        },
        "weight": {
          "type": "number",
          "default": 0
        },
        "description": {
          "type": "string",
          "input": "textarea"
        },
        "magic": {
          "type": "boolean",
          "default": "false"
        },
        "source": {
          "$ref": "source.schema.json"
        }
      }
    },
    "senses": {
      "$id": "senses.schema.json",
      "title": "JSON Schema for D&D 5e senses.",
      "description": "This schema describes a list of senses. Passive Perception should not be included as it is a standard sense.",
      "$comment": "version 0.1.1",
      "type": "object",
      "required": [],
      "additionalProperties": false,
      "properties": {
        "Blindsight": {
          "type": [
            "boolean",
            "string"
          ],
          "default": false,
          "description": "`false` or provide Blindsight trait text."
        },
        "Darkvision": {
          "type": [
            "boolean",
            "string"
          ],
          "default": false,
          "description": "`false` or provide Darkvision trait text."
        },
        "Tremorsense": {
          "type": [
            "boolean",
            "string"
          ],
          "default": false,
          "description": "`false` or provide Tremorsense trait text."
        },
        "Truesight": {
          "type": [
            "boolean",
            "string"
          ],
          "default": false,
          "description": "`false` or provide Truesight trait text."
        }
      }
    },
    "source": {
      "$id": "source.schema.json",
      "description": "This schema describes the source of the data.",
      "type": "object",
      "required": [
        "text"
      ],
      "properties": {
        "text": {
          "type": "string",
          "examples": [
            "PHB p41",
            "Unearthed Arcana: The Artificer Revisited"
          ]
        },
        "note": {
          "type": "string",
          "input": "textarea"
        },
        "href": {
          "type": "string",
          "format": "uri",
          "examples": [
            "https://media.wizards.com/2019/dnd/downloads/UA-Artificer-2019.pdf"
          ]
        }
      }
    },
    "tag": {
      "$id": "tag.schema.json",
      "description": "This schema describes a generic tag.",
      "$comment": "version 0.1.1",
      "type": "array",
      "items": {
        "type": "string",
        "examples": [
          "Wizard",
          "Bronze Dragon",
          "Orc"
        ]
      }
    },
    "weapon": {
      "$id": "weapon.schema.json",
      "title": "JSON Schema for D&D 5e weapon.",
      "description": "This schema describes a weapon. Extends item.schema.json",
      "$comment": "version 0.1.1",
      "type": "object",
      "allOf": [
        {
          "$ref": "item.schema.json"
        }
      ],
      "required": [
        "damage"
      ],
      "properties": {
        "category": {
          "type": "string",
          "default": "",
          "emum": [
            "",
            "Improvised",
            "Simple",
            "Martial"
          ]
        },
        "damage": {
          "type": "object",
          "properties": {
            "dice": {
              "$ref": "dice.schema.json"
            },
            "type": {
              "$ref": "damage_type.schema.json"
            }
          }
        },
        "versatile_damage": {
          "type": "object",
          "properties": {
            "dice": {
              "$ref": "dice.schema.json"
            }
          }
        },
        "range": {
          "type": "object",
          "properties": {
            "normal": {
              "type": "integer",
              "default": 5
            },
            "long": {
              "type": "integer",
              "default": 0
            }
          }
        },
        "throw_range": {
          "type": "object",
          "properties": {
            "normal": {
              "type": "integer",
              "default": 0
            },
            "long": {
              "type": "integer",
              "default": 0
            }
          }
        },
        "properties": {
          "type": "object",
          "properties": {
            "Ammunition": {
              "type": "string",
              "default": ""
            },
            "Finnesse": {
              "type": "boolean",
              "default": "false"
            },
            "Heavy": {
              "type": "boolean",
              "default": "false"
            },
            "Light": {
              "type": "boolean",
              "default": "false"
            },
            "Loading": {
              "type": "boolean",
              "default": "false"
            },
            "Monk": {
              "type": "boolean",
              "default": "false"
            },
            "Reach": {
              "type": "boolean",
              "default": "false"
            },
            "Thrown": {
              "type": "boolean",
              "default": "false"
            },
            "TwoHanded": {
              "type": "boolean",
              "default": "false"
            },
            "Versatile": {
              "type": "boolean",
              "default": "false"
            }
          }
        },
        "equipped": {
          "type": "boolean",
          "default": "false"
        }
      }
    }
  }
}