{
  "name": "dnd5e-babele-spanish",
  "title": "Translation: Spanish Babele [DnD5e and Compendiums]",
  "description": "Traducción al español del sistema y los compendios de D&D5e para Foundry VTT.",
  "version": "0.8.7",
  "minimumCoreVersion" : "0.8.9",
  "compatibleCoreVersion": "9",
  "author": "Honzo",
  "systems": ["dnd5e"],
  "esmodules": [],
  "scripts": ["babele-register.js"],
  "styles": [],
  "packs": [],
  "languages": [{
  	"lang": "es",
    "name": "Spanish",
    "path": "es.json"
  }],
   "dependencies": [{    
    "name": "babele"
  },
  {
  	"name": "lib-wrapper"
  }],
  "url": "https://github.com/HonzoNebro/dnd5e-es-compendium",
  "manifest": "https://raw.githubusercontent.com/HonzoNebro/dnd5e-es-compendium/master/module.json",
  "download": "https://github.com/HonzoNebro/dnd5e-es-compendium/archive/master.zip"
}
 
