{
    "$schema": "http://json-schema.org/draft-07/schema#",
    "$id": "Character.schema.json",
    "title": "D&D 5e Character",
    "description": "JSON Schema for D&D 5e Character data. Extends Creature.schema.json<br>Samples may be found on [GitHub](https://github.com/BrianWendt/dnd5e_json_schema/tree/master/samples/Character)",
    "$comment": "version 0.1.1",
    "type": "object",
    "allOf": [{
            "$ref": "Creature.schema.json"
        }],
    "required": ["player", "race"],
    "properties": {
        "nickname": {
            "type": "string"
        },
        "player": {
            "type": "object",
            "required": ["name"],
            "properties": {
                "name": {
                    "type": "string",
                    "default": "NPC"
                },
                "id": {
                    "type": "string",
                    "description": "Wizards' DCI or other identifier."
                }
            }
        },
        "xp": {
            "type": "integer",
            "minimum": 0,
            "default": 0
        },
        "race": {
            "$ref": "Race.schema.json"
        },
        "classes": {
            "type": "array",
            "items": {
                "$ref": "Class.schema.json"
            }
        },
        "background": {
            "type": "object",
            "required": ["name"],
            "properties": {
                "name": {
                    "type": "string"
                },
                "option": {
                    "type": "string"
                },
                "description": {
                    "type": "string",
                    "input": "textarea"
                },
                "source": {
                    "$ref": "source.schema.json"
                }
            }
        },
        "details": {
            "type": "object",
            "properties": {
                "age": {
                    "type": "integer",
                    "minimum": 0
                },
                "eyes": {
                    "type": "string"
                },
                "hair": {
                    "type": "string"
                },
                "skin": {
                    "type": "string"
                },
                "weight": {
                    "type": "integer",
                    "minimum": 0
                },
                "height": {
                    "type": "string"
                },
                "personality": {
                    "type": "string"
                },
                "ideal": {
                    "type": "string"
                },
                "bond": {
                    "type": "string"
                },
                "flaw": {
                    "type": "string"
                },
                "backstory": {
                    "type": "string",
                    "input": "textarea"
                },
                "physical": {
                    "type": "string"
                }
            }
        },
        "weapon_proficiencies": {
            "type": "array",
            "items": {
                "type": "string",
                "examples": ["Simple Weapons", "Martial Weapons"]
            }
        },
        "armor_proficiencies": {
            "type": "array",
            "items": {
                "type": "string",
                "examples": ["Light Armor", "Medium Armor", "Heavy Armor", "Shields"]
            }
        },
        "tool_proficiencies": {
            "type": "array",
            "items": {
                "type": "string",
                "examples": ["Artisan's Tools", "Disguise Kit"]
            }
        },
        "feats": {
            "type": "array",
            "items": {
                "$ref": "feat.schema.json"
            }
        },
        "spells": {
            "type": "array",
            "items": {
                "$ref": "Spell.schema.json"
            }
        },
        "weapons": {
            "type": "array",
            "items": {
                "$ref": "weapon.schema.json"
            }
        },
        "equipment": {
            "type": "array",
            "items": {
                "$ref": "equipment.schema.json"
            }
        },
        "treasure": {
            "type": "object",
            "properties": {
                "pp": {
                    "type": "number",
                    "default": 0,
                    "description": "Platimum"
                },
                "ep": {
                    "type": "number",
                    "default": 0,
                    "description": "Electrum"
                },
                "gp": {
                    "type": "number",
                    "default": 0,
                    "description": "Gold"
                },
                "sp": {
                    "type": "number",
                    "default": 0,
                    "description": "Silver"
                },
                "cp": {
                    "type": "number",
                    "default": 0,
                    "description": "Copper"
                }
            }
        }
    }
}