{
    "$schema": "http://json-schema.org/draft-07/schema#",
    "$id": "Class.schema.json",
    "title": "D&D 5e Class",
    "description": "JSON Schema for D&D 5e Character Class.",
    "$comment": "version 0.1.1",
    "type": "object",
    "required": ["name", "level"],
    "properties": {
        "name": {
            "type": "string"
        },
        "level": {
            "type": "integer",
            "minimum": 1
        },
        "subtype": {
            "type": "string"
        },
        "hit_die": {
            "type": "integer",
            "enum": [1, 2, 4, 6, 8, 10, 12, 20]
        },
        "spellcasting": {
            "type": "string",
            "default": "",
            "enum": ["", "str", "dex", "con", "int", "wis", "cha"]
        },
        "features": {
            "type": "array",
            "items": {
                "$ref": "feature.schema.json"
            }
        },
        "source": {
            "$ref": "source.schema.json"
        }
    }
}