{
    "$schema": "http://json-schema.org/draft-07/schema#",
    "$id": "feat.schema.json",
    "title": "JSON Schema for D&D 5e feat.",
    "description": "This schema describes a character feat.",
    "$comment": "version 0.1.1",
    "type": "object",
    "required": ["name"],
    "properties": {
        "name": {
            "type": "string"
        },
        "description": {
            "type": "string",
            "input": "textarea"
        },
        "source": {
            "$ref": "source.schema.json"
        }
    }
}