{
    "$schema": "http://json-schema.org/draft-07/schema#",
    "$id": "Monster.schema.json",
    "title": "JSON Schema for D&D 5e Monster.",
    "description": "This schema describes a Monster. Extends Creature.schema.json",
    "$comment": "version 0.1.1",
    "type": "object",
    "allOf": [{
            "$ref": "Creature.schema.json"
        }],
    "required": ["size", "type", "subtype"],
    "properties": {
        "size": {
            "type": "string",
            "input": "dropdown",
            "enum": ["Tiny", "Small", "Medium", "Large", "Huge", "Gargantuan"]
        },
        "challenge_rating": {
            "type": "number",
            "examples": [0.125, 0.25, 0.5, 1, 2]
        },
        "type": {
            "type": "string",
            "input": "dropdown",
            "enum": ["Aberration", "Beast", "Celestial", "Construct", "Dragon", "Elemental", "Fey", "Fiend", "Giant", "Humanoid", "Monstrosity", "Ooze", "Plant", "Undead", "Swarm of Tiny beasts"]
        },
        "subtype": {
            "type": "string",
            "default": "Any Race",
            "examples": ["Goblinoid"]
        },
        "traits": {
            "type": "array",
            "items": {
                "$ref": "feature.schema.json",
                "description": "Creatures may have special traits.",
                "examples": ["Spellcasting"]
            }
        },
        "actions": {
            "type": "array",
            "items": {
                "$ref": "action.schema.json"
            }
        },
        "tags": {
            "$ref": "tag.schema.json"
        }
    }
}