{
    "$schema": "http://json-schema.org/draft-07/schema#",
    "$id": "senses.schema.json",
    "title": "JSON Schema for D&D 5e senses.",
    "description": "This schema describes a list of senses. Passive Perception should not be included as it is a standard sense.",
    "$comment": "version 0.1.1",
    "type": "object",
    "required": [],
    "additionalProperties": false,
    "properties": {
        "Blindsight": {
            "type": ["boolean", "string"],
            "default": false,
            "description": "`false` or provide Blindsight trait text."
        },
        "Darkvision": {
            "type": ["boolean", "string"],
            "default": false,
            "description": "`false` or provide Darkvision trait text."
        },
        "Tremorsense": {
            "type": ["boolean", "string"],
            "default": false,
            "description": "`false` or provide Tremorsense trait text."
        },
        "Truesight": {
            "type": ["boolean", "string"],
            "default": false,
            "description": "`false` or provide Truesight trait text."
        }
    }
}