{
    "$schema": "http://json-schema.org/draft-07/schema#",
    "$id": "Spell.schema.json",
    "description": "This schema describes a 5e spell. <br/>Samples may be found at https://github.com/BrianWendt/dnd5e_json_schema/tree/master/samples/Spell/",
    "$comment": "version 0.1.1",
    "type": "object",
    "required": ["name", "description", "level", "casting_time", "range_area", "components", "duration"],
    "properties": {
        "name": {
            "type": "string",
            "examples": ["Acid Splash"]
        },
        "description": {
            "type": "string",
            "input": "textarea"
        },
        "higher_level": {
            "type": "string",
            "input": "textarea"
        },
        "level": {
            "type": "string",
            "examples": ["Cantrip", "1", "2", "3", "4"]
        },
        "casting_time": {
            "type": "string",
            "default": "1 Action"
        },
        "range_area": {
            "type": "string",
            "examples": ["60ft", "Self"]
        },
        "components": {
            "type": "array",
            "items": {
                "type": "string",
                "enum": ["V", "S", "M", "F", "DF", "XP"]
            }
        },
        "material": {
            "type": "string"
        },
        "ritual": {
            "type": "boolean",
            "default": "false"
        },
        "concentration": {
            "type": "boolean",
            "default": "false"
        },
        "duration": {
            "type": "string",
            "examples": ["Instantaneous"]
        },
        "school": {
            "type": "string",
            "examples": ["Conjuring"]
        },
        "attack_save": {
            "type": "string",
            "examples": ["DEX Save", "Ranged"]
        },
        "damage_effect": {
            "type": "string",
            "examples": ["Acid"]
        },
        "tags": {
            "$ref": "tag.schema.json",
            "examples": ["Bard", "Wizard", "Warlock"]
        },
        "source": {
            "$ref": "source.schema.json"
        }
    }
}